scene,frame,valid_count,mean,median,rmse,p11_25,p22_5,p30
archviz,0001,472052,12.057863,0.101139,29.258000,79.460314,83.926347,85.899435
archviz,0002,471931,12.053061,0.101273,29.276347,79.476237,83.981557,85.877597
archviz,0003,471397,11.715360,0.101627,28.806917,80.090030,84.463626,86.287354
archviz,0004,470649,11.467910,0.102215,28.489135,80.574696,84.861755,86.600630
archviz,0005,469439,11.039607,0.102109,27.999645,81.472779,85.523359,87.206645
archviz,0006,468080,10.370972,0.101163,27.039396,82.488250,86.577935,88.193258
archviz,0007,466274,9.671351,0.100594,26.032518,83.405894,87.542518,89.178466
archviz,0008,464512,8.757159,0.096460,24.681818,84.734948,88.895443,90.451485
archviz,0009,462875,8.066928,0.092092,23.723330,85.903538,89.821874,91.238671
archviz,0010,461741,7.584217,0.088791,22.728733,86.334547,90.354549,91.855391
archviz,0011,462590,7.378587,0.085279,22.514432,86.602823,90.714239,92.270477
archviz,0012,464930,7.364662,0.081574,22.777955,86.728755,90.831738,92.430043
archviz,0013,467098,7.332748,0.080543,22.478839,86.525098,90.819914,92.436063
archviz,0014,468981,7.207949,0.078280,22.137180,86.649992,90.945689,92.463874
archviz,0015,471097,7.146793,0.075874,22.170434,86.962345,90.930955,92.503879
archviz,0016,474241,7.203944,0.075913,22.412910,87.024741,90.868778,92.405971
archviz,0017,476621,7.183462,0.075574,22.409053,87.133383,90.794992,92.368989
archviz,0018,479015,7.302109,0.075057,22.607941,86.949052,90.594867,92.181664
archviz,0019,480797,7.214279,0.074550,22.405852,87.028621,90.621198,92.209394
archviz,0020,481693,7.229509,0.075143,22.429827,86.937323,90.557679,92.189216
archviz,0021,481256,7.212011,0.076976,22.360575,86.901358,90.600429,92.273551
archviz,0022,479322,7.079037,0.078300,21.981494,86.948857,90.794497,92.412825
archviz,0023,480062,7.015737,0.080505,21.650530,86.694010,90.876595,92.542005
archviz,0024,483616,7.205364,0.085753,21.672786,86.006873,90.440763,92.156794
archviz,0025,488943,7.540986,0.091916,22.239057,85.480107,89.853623,91.616405
archviz,0026,493893,7.645413,0.097986,22.466943,85.636363,89.783820,91.387001
archviz,0027,497286,7.777568,0.101974,22.780549,85.606874,89.700092,91.304199
archviz,0028,498667,7.636597,0.101032,22.604600,85.995063,89.839512,91.431757
archviz,0029,498767,7.067249,0.097723,21.481874,86.850975,90.556312,92.062025
archviz,0030,498706,6.130732,0.087237,19.911583,88.474973,91.830858,93.060440
archviz,0031,498663,5.990510,0.085382,19.852677,88.731869,92.041118,93.255766
archviz,0032,498701,5.895403,0.082174,19.902832,88.936056,92.080224,93.311824
archviz,0033,498667,5.739032,0.080064,19.691998,89.351210,92.268588,93.483226
archviz,0034,498570,5.739560,0.078512,19.895877,89.477706,92.448202,93.581242
archviz,0035,498501,5.813547,0.079130,20.129604,89.422489,92.321781,93.553674
archviz,0036,498566,5.979298,0.079639,20.697607,89.345242,92.213468,93.406690
archviz,0037,498452,5.964673,0.078937,20.772314,89.493071,92.302569,93.414612
archviz,0038,498343,6.134990,0.077442,21.387236,89.459268,92.224432,93.309026
archviz,0039,498286,6.060577,0.076417,21.140431,89.589714,92.249030,93.336758
archviz,0040,498244,6.229091,0.076274,21.561407,89.445131,92.072960,93.191288
archviz,0041,498344,6.460162,0.075863,22.061927,89.155483,91.781380,92.948245
archviz,0042,498358,6.767337,0.075295,22.696415,88.732397,91.370260,92.559967
archviz,0043,498442,7.134430,0.074485,23.341132,88.113361,90.901048,92.179030
archviz,0044,498464,7.302052,0.075057,23.533606,87.583858,90.657299,92.025101
archviz,0045,498408,7.518856,0.075401,23.975005,87.169748,90.295100,91.744113
archviz,0046,498442,7.705075,0.074605,24.363691,86.906200,90.099149,91.562709
archviz,0047,498334,7.963566,0.071734,25.155660,86.784968,89.925231,91.426032
archviz,0048,498278,8.292822,0.067056,25.937571,86.571753,89.765954,91.252474
archviz,0049,494517,7.584165,0.069716,25.097369,87.927008,90.808203,92.164273
archviz,0050,491078,7.525604,0.074594,24.899501,87.713357,90.875177,92.271085
archviz,0051,490115,9.315599,0.073969,27.498492,84.853351,88.500658,90.048662
archviz,0052,489676,9.661883,0.075021,27.910856,84.286957,88.078239,89.596386
archviz,0053,488926,9.749135,0.075841,27.867332,84.053620,87.866876,89.376306
archviz,0054,488293,9.685269,0.076119,27.689795,84.073497,87.970337,89.487664
archviz,0055,487705,9.706442,0.075919,27.624962,83.941727,87.892271,89.422704
archviz,0056,487253,9.658202,0.075391,27.493650,83.977728,87.995148,89.492317
archviz,0057,486964,9.560785,0.074866,27.328809,84.180966,88.099736,89.570687
archviz,0058,486752,9.474753,0.074681,27.133010,84.400475,88.114687,89.596756
archviz,0059,486548,9.519572,0.074632,27.181976,84.340497,88.030986,89.521075
archviz,0060,486378,9.583375,0.074595,27.291843,84.282595,87.963683,89.398780
archviz,0061,486164,9.638592,0.074702,27.301858,84.150822,87.830650,89.298056
archviz,0062,485708,9.693577,0.074851,27.378230,84.129765,87.756842,89.213272
archviz,0063,485370,9.731015,0.075045,27.339010,83.973258,87.670849,89.120877
archviz,0064,484929,9.923096,0.075446,27.557565,83.593475,87.362067,88.864349
archviz,0065,484687,10.133548,0.075834,27.764246,83.151807,87.034726,88.568293
archviz,0066,484569,10.346411,0.076394,27.981536,82.717219,86.659485,88.318072
archviz,0067,484490,10.627626,0.077545,28.341168,82.192409,86.278974,87.878388
archviz,0068,484335,10.785080,0.078563,28.401254,81.842733,85.995850,87.646567
archviz,0069,484504,11.077946,0.080127,28.823586,81.326676,85.547901,87.269042
archviz,0070,484593,11.231457,0.081072,28.923888,81.030679,85.277749,87.028702
archviz,0071,484968,11.413726,0.082080,29.055001,80.579750,84.960657,86.811501
archviz,0072,485324,11.565828,0.082902,29.219541,80.217957,84.742976,86.652216
archviz,0073,485766,11.516351,0.083196,28.954078,80.092061,84.700247,86.621748
archviz,0074,486317,11.488600,0.082470,28.885627,79.997615,84.679129,86.651505
archviz,0075,486869,11.425535,0.081814,28.746884,79.936492,84.688489,86.719015
archviz,0076,487386,11.258603,0.081285,28.465448,80.171774,84.830709,86.872007
archviz,0077,487373,11.131496,0.080310,28.251223,80.347290,84.949720,86.931775
archviz,0078,487292,10.988912,0.078862,28.227615,80.825870,85.378172,87.200488
archviz,0079,487336,10.718159,0.077463,27.996349,81.491620,85.792759,87.525239
archviz,0080,487208,9.979479,0.076507,27.115264,82.695686,86.808919,88.488900
archviz,0081,486101,9.063383,0.075981,26.119203,84.753169,88.253264,89.645979
archviz,0082,483852,7.287161,0.074807,23.390488,87.392012,90.725263,92.110604
archviz,0083,488731,6.632267,0.074436,22.288977,88.303586,91.591694,93.032773
archviz,0084,497192,6.864220,0.071109,22.671618,87.985929,91.180268,92.588779
archviz,0085,498042,7.158489,0.067885,23.470795,87.863473,90.866634,92.242421
archviz,0086,497824,6.218591,0.067386,22.082431,89.795791,92.218937,93.430208
archviz,0087,497764,5.620633,0.068944,20.932668,90.869971,93.044495,94.057425
archviz,0088,497635,5.808169,0.071090,21.303366,90.588484,92.860430,93.828810
archviz,0089,497743,6.077906,0.072963,21.859230,90.236929,92.534702,93.529191
archviz,0090,497817,6.034197,0.073266,21.677635,90.164257,92.489208,93.503436
archviz,0091,498164,5.930315,0.073262,21.621526,90.376864,92.684337,93.649079
archviz,0092,498427,5.768769,0.076315,21.426943,90.696130,93.010812,93.921878
archviz,0093,498528,5.973402,0.076987,21.935339,90.350592,92.712746,93.703463
archviz,0094,498717,6.389306,0.078745,23.060793,89.953621,92.319692,93.296399
archviz,0095,498832,5.777377,0.077297,21.616945,90.670206,93.009069,93.909172
archviz,0096,498862,4.591217,0.077512,18.961722,92.330143,94.478633,95.235957
archviz,0097,497939,4.493899,0.080094,18.519865,92.261301,94.456952,95.268698
archviz,0098,498330,5.190690,0.082346,20.093786,91.128971,93.567114,94.536552
archviz,0099,498951,5.844138,0.084344,21.441433,90.145525,92.788871,93.781955
archviz,0100,498943,6.229745,0.084319,22.234380,89.676376,92.299922,93.337916
archviz,0101,498921,6.452489,0.082448,22.553682,89.180652,91.988110,93.110533
archviz,0102,498617,6.748472,0.079812,23.354937,89.003584,91.758003,92.885521
archviz,0103,498564,6.940613,0.074587,23.795661,88.875450,91.476721,92.622211
archviz,0104,498484,7.113645,0.070833,23.957011,88.564929,91.207541,92.280795
archviz,0105,498308,7.276379,0.068350,24.135768,88.238599,90.915458,92.018591
archviz,0106,498177,7.447361,0.066809,24.480853,87.951270,90.699490,91.874173
archviz,0107,497585,7.545085,0.065488,24.645857,87.893526,90.555583,91.670368
archviz,0108,495717,7.464329,0.064218,24.421598,88.042169,90.610570,91.681342
archviz,0109,493633,7.286161,0.062715,24.087816,88.405759,90.862240,91.904917
archviz,0110,491739,7.164635,0.061216,23.903467,88.598627,91.076364,92.074657
archviz,0111,489632,6.837952,0.061210,23.208170,88.917595,91.428665,92.485785
archviz,0112,488648,6.322554,0.062422,22.033920,89.540324,92.038236,93.038956
archviz,0113,487597,5.470485,0.062879,19.831065,90.646579,93.045486,93.953818
archviz,0114,487301,5.520708,0.064271,20.144355,90.808350,93.109803,93.957328
archviz,0115,487003,5.469432,0.065875,19.672315,90.283427,92.987312,94.054657
archviz,0116,486996,5.705253,0.067903,20.043936,89.724146,92.603019,93.798101
archviz,0117,486888,5.896839,0.069353,20.410876,89.415019,92.420639,93.581892
archviz,0118,486774,6.093310,0.070389,20.881865,89.262574,92.172343,93.351740
archviz,0119,487211,6.001611,0.072824,20.809790,89.543340,92.211998,93.352777
archviz,0120,487545,5.839860,0.075522,20.425080,89.744126,92.378139,93.547878
archviz,0121,487788,5.635068,0.077860,19.794779,89.795772,92.493460,93.737853
archviz,0122,487358,5.281165,0.077171,19.069627,90.473328,93.004526,94.148449
archviz,0123,487035,4.452105,0.060258,17.103662,91.718254,93.990986,95.038139
archviz,0124,486915,4.202309,0.057662,16.761806,92.495610,94.546481,95.295483
archviz,0125,486907,3.986059,0.054162,16.374841,93.012834,94.757931,95.573487
archviz,0126,486891,4.206283,0.054347,16.651707,92.592387,94.525880,95.325237
archviz,0127,485863,4.509588,0.054592,17.375292,91.840087,94.265462,95.181358
archviz,0128,486618,3.145659,0.056496,14.429547,94.538426,96.203387,96.812284
archviz,0129,489038,2.909404,0.058515,13.609464,94.770550,96.627869,97.225778
archviz,0130,493312,2.806571,0.062564,13.368431,94.734975,96.724588,97.332722
archviz,0131,496446,3.222277,0.065668,14.211649,93.796304,96.049520,96.854643
archviz,0132,497897,3.105297,0.069768,13.775382,93.800726,96.208453,97.026895
archviz,0133,497885,3.073950,0.067947,13.658449,93.846571,96.302761,97.121022
archviz,0134,497704,3.221937,0.065542,14.149608,93.631757,96.146706,96.952606
archviz,0135,497653,3.457990,0.064355,14.829648,93.314418,95.843891,96.624958
archviz,0136,497501,3.510673,0.062808,14.773923,93.156396,95.776491,96.547947
archviz,0137,497563,3.897815,0.064268,16.093201,92.690976,95.365813,96.177168
archviz,0138,497490,3.788543,0.065359,16.039206,93.104384,95.534785,96.257010
archviz,0139,497449,3.402464,0.065120,14.917202,93.531196,95.929633,96.791028
archviz,0140,497443,3.020580,0.064533,13.830723,93.980416,96.380892,97.185406
archviz,0141,497580,2.624122,0.065402,12.642678,94.709192,96.746051,97.546123
archviz,0142,499002,2.054519,0.066894,10.646874,95.675368,97.435481,98.083575
archviz,0143,498679,1.886909,0.068015,10.059857,96.068413,97.477135,98.162144
archviz,0144,498929,1.724154,0.069320,9.459483,96.365214,97.705485,98.262879
archviz,0145,498837,1.782314,0.070358,9.473411,96.164278,97.567141,98.201416
archviz,0146,498842,1.725749,0.070799,9.524286,96.441759,97.663789,98.273201
archviz,0147,498987,1.809043,0.070887,9.871786,96.340386,97.554044,98.193139
archviz,0148,499032,2.018478,0.070826,10.127109,95.670418,97.147077,97.913561
archviz,0149,499078,1.962516,0.071243,9.658314,95.585259,97.273572,98.046999
archviz,0150,499085,1.915122,0.070968,9.318238,95.587325,97.350151,98.108939
archviz,0151,499049,1.876971,0.069993,9.123688,95.595623,97.421095,98.157496
archviz,0152,498981,1.937128,0.069403,9.169957,95.404635,97.277251,98.111151
archviz,0153,498884,2.136146,0.068803,10.015964,95.039929,97.111152,97.983499
archviz,0154,498911,2.227415,0.067953,10.560753,95.160459,96.995456,97.791390
archviz,0155,498915,2.073648,0.066937,10.244209,95.542126,97.233396,97.942134
archviz,0156,498661,2.092615,0.066596,10.039522,95.293396,97.182254,97.954923
archviz,0157,498925,2.118348,0.065123,10.087178,95.189658,97.182342,98.117152
archviz,0158,498835,2.004893,0.063674,9.838076,95.401485,97.492357,98.347951
archviz,0159,498750,1.963729,0.062313,9.876102,95.545865,97.628070,98.403409
archviz,0160,498622,1.956705,0.061408,9.982171,95.630157,97.646514,98.400993
archviz,0161,498571,2.068463,0.060990,10.354114,95.515985,97.422834,98.243380
archviz,0162,498444,2.200452,0.061760,10.884855,95.335283,97.337916,98.097279
archviz,0163,498397,2.008474,0.063557,10.883748,96.021645,97.619769,98.261225
archviz,0164,498153,2.318966,0.064870,12.012697,95.631463,97.183797,97.818943
archviz,0165,496630,3.749727,0.059338,16.098909,93.280511,95.284216,96.095484
archviz,0166,486574,5.504296,0.068013,20.173606,90.647466,93.031892,94.033795
archviz,0167,485633,6.365996,0.073102,21.588496,89.047697,91.944122,93.104258
archviz,0168,484553,7.134366,0.075867,22.959453,87.940225,91.116348,92.277625
archviz,0169,484320,7.911892,0.078054,23.876006,86.109390,89.882516,91.338371
archviz,0170,484657,8.525594,0.083406,24.869711,84.815034,89.036783,90.752223
archviz,0171,486009,8.166883,0.086677,23.778391,84.814890,89.240528,91.173826
archviz,0172,486010,7.516977,0.092634,22.464767,85.741651,90.063167,91.978766
archviz,0173,482926,7.612964,0.100854,22.557310,85.630718,89.813760,91.717572
archviz,0174,482206,7.503856,0.106999,21.998783,85.543108,89.699423,91.683845
archviz,0175,482522,7.573078,0.107338,22.387855,85.622417,89.560683,91.576135
archviz,0176,485305,8.221385,0.097669,23.856044,84.867661,89.013301,90.963209
archviz,0177,486459,7.739439,0.085948,23.330494,85.698898,89.847037,91.705365
archviz,0178,488900,7.225496,0.079756,22.545667,86.502352,90.520761,92.332583
archviz,0179,490942,7.094212,0.074030,22.287168,86.866066,90.629036,92.317626
archviz,0180,481923,6.853742,0.067944,21.767670,87.170357,90.848538,92.434476
archviz,0181,483256,6.992986,0.065256,22.205327,87.018061,90.654229,92.354156
archviz,0182,483210,7.121892,0.063115,22.438236,86.793320,90.516339,92.112125
archviz,0183,482128,7.261609,0.061142,22.842489,86.673041,90.286604,91.950063
archviz,0184,481511,7.569630,0.059108,23.656443,86.496674,89.866898,91.580047
archviz,0185,481337,7.722408,0.056822,23.950190,86.275312,89.712405,91.387739
archviz,0186,481642,7.796407,0.054894,24.186261,86.345045,89.645006,91.346062
archviz,0187,481943,7.548872,0.053695,23.497650,86.180938,89.824523,91.635940
archviz,0188,481933,7.696992,0.055537,24.054583,86.237921,89.767042,91.434494
archviz,0189,480043,7.422724,0.059332,23.542731,86.591201,90.145258,91.674496
archviz,0190,477811,7.564083,0.065855,24.034850,86.773013,89.920282,91.348671
archviz,0191,475817,7.314900,0.071386,23.659800,87.265272,90.252135,91.653094
archviz,0192,474584,6.990560,0.074312,22.985484,88.030781,90.715869,91.994673
archviz,0193,476994,6.922879,0.080211,23.087533,88.353942,90.998629,92.193193
archviz,0194,478299,6.056690,0.080663,20.891277,89.131067,91.990784,93.145710
archviz,0195,479717,5.538555,0.078484,20.011032,90.137310,92.710494,93.804055
archviz,0196,480809,4.726865,0.076058,18.081394,91.229573,93.651117,94.720149
archviz,0197,481408,4.591393,0.074005,18.011718,91.702880,93.954400,94.903907
archviz,0198,482138,4.341262,0.072328,17.450731,92.058290,94.272594,95.194529
archviz,0199,482173,4.090609,0.071239,16.641647,92.337812,94.517943,95.419901
archviz,0200,482445,4.026209,0.070869,16.388819,92.382551,94.539067,95.466012
CardioStation,0001,498722,6.226890,0.064415,19.816841,87.413228,91.321017,93.064072
CardioStation,0002,498744,6.237847,0.064551,19.848977,87.398746,91.286913,93.042723
CardioStation,0003,498770,6.246362,0.064806,19.833454,87.349881,91.255088,93.042485
CardioStation,0004,498812,6.209662,0.065163,19.664819,87.362173,91.315165,93.095395
CardioStation,0005,498776,6.183213,0.065567,19.609193,87.360859,91.358646,93.198350
CardioStation,0006,498841,6.082026,0.065637,19.232889,87.434874,91.418508,93.230709
CardioStation,0007,498829,5.933709,0.065469,19.033537,87.761938,91.673098,93.405556
CardioStation,0008,498767,5.930533,0.066517,18.930054,87.628692,91.562393,93.350603
CardioStation,0009,498755,6.138110,0.067560,19.353658,87.302984,91.207908,93.080370
CardioStation,0010,498784,6.244125,0.068174,19.506462,86.967705,91.118400,93.007394
CardioStation,0011,498800,6.327769,0.068854,19.548526,86.696071,90.999800,92.890938
CardioStation,0012,498804,6.369357,0.068703,19.570525,86.576892,90.978420,92.906432
CardioStation,0013,498791,6.513360,0.068860,19.895142,86.342376,90.729785,92.751273
CardioStation,0014,498695,6.681515,0.069097,20.218684,86.086887,90.410772,92.547549
CardioStation,0015,498759,7.030398,0.069348,20.794689,85.327583,89.851411,92.079942
CardioStation,0016,498746,7.231801,0.069271,21.218654,85.010206,89.631596,91.808255
CardioStation,0017,498708,7.152830,0.068622,21.150273,85.231438,89.815684,91.936765
CardioStation,0018,498689,7.126049,0.067955,21.129329,85.329735,89.859211,91.989597
CardioStation,0019,498627,7.023823,0.067597,21.011547,85.563156,89.994525,92.069623
CardioStation,0020,498600,7.093365,0.067424,21.042845,85.258123,89.755114,92.020858
CardioStation,0021,498586,7.028387,0.067500,20.968513,85.383464,89.857918,92.063355
CardioStation,0022,498610,6.912800,0.067447,20.761040,85.582519,90.021460,92.175047
CardioStation,0023,498576,6.796406,0.067281,20.576334,85.793139,90.265476,92.356832
CardioStation,0024,498557,6.851319,0.067449,20.611743,85.622306,90.273128,92.352931
CardioStation,0025,498535,6.982203,0.067775,20.912445,85.439137,90.214127,92.253302
CardioStation,0026,498562,7.001823,0.068048,20.924932,85.482046,90.235116,92.284209
CardioStation,0027,498535,6.937438,0.067961,20.860836,85.675830,90.372792,92.349785
CardioStation,0028,498562,6.774010,0.067538,20.563661,86.032229,90.545409,92.520288
CardioStation,0029,498523,6.646394,0.067073,20.337686,86.211067,90.709155,92.693015
CardioStation,0030,498536,6.569380,0.066873,20.211931,86.368487,90.807083,92.745559
CardioStation,0031,498534,6.535367,0.066818,20.165195,86.468927,90.850774,92.787653
CardioStation,0032,498526,6.410152,0.066911,19.924518,86.663283,91.002275,92.932565
CardioStation,0033,498484,6.277799,0.066669,19.764257,87.003996,91.198113,93.073800
CardioStation,0034,498475,6.193021,0.066209,19.654256,87.174081,91.320929,93.147099
CardioStation,0035,498507,6.300442,0.065661,19.744083,86.766284,91.009555,92.983649
CardioStation,0036,498505,6.177702,0.065292,19.520324,86.943361,91.136699,93.131463
CardioStation,0037,498513,6.094286,0.065112,19.415840,87.166032,91.266025,93.238491
CardioStation,0038,498553,6.017282,0.065045,19.333574,87.377872,91.403722,93.353966
CardioStation,0039,498562,5.973000,0.065187,19.293310,87.482600,91.508779,93.422684
CardioStation,0040,498601,5.968594,0.065367,19.339886,87.545151,91.520474,93.443054
CardioStation,0041,498565,5.993047,0.065738,19.383908,87.499122,91.487770,93.400259
CardioStation,0042,498599,6.081151,0.066637,19.458058,87.275947,91.347957,93.253496
CardioStation,0043,498661,6.332164,0.068031,19.807960,86.675517,90.941341,92.984813
CardioStation,0044,498690,6.672626,0.068646,20.259342,85.873589,90.376988,92.571738
CardioStation,0045,498617,7.123900,0.069290,20.900314,84.774286,89.740422,92.141864
CardioStation,0046,498665,7.663880,0.071543,21.725415,83.476683,89.116942,91.567686
CardioStation,0047,498635,7.895431,0.073284,21.969791,82.920573,88.759313,91.210404
CardioStation,0048,498677,7.670140,0.074205,21.677209,83.348941,89.017139,91.475243
CardioStation,0049,498692,7.265065,0.071685,21.021246,84.345448,89.440376,91.672415
CardioStation,0050,498697,7.108750,0.071491,20.854955,84.961810,89.719008,91.786596
CardioStation,0051,498712,6.802972,0.072840,20.314986,85.596497,90.243668,92.314803
CardioStation,0052,498723,6.718190,0.073960,20.116922,85.890966,90.427953,92.412020
CardioStation,0053,498764,6.694329,0.073259,20.290911,86.013626,90.615000,92.524721
CardioStation,0054,498821,6.404180,0.071862,19.880160,86.634083,90.970909,92.784586
CardioStation,0055,498698,6.227681,0.069327,19.631372,87.218517,91.181035,92.956058
CardioStation,0056,498661,6.005873,0.068481,19.218505,87.811559,91.699772,93.333347
CardioStation,0057,498629,6.011213,0.070759,19.416999,87.849684,91.828594,93.516221
CardioStation,0058,498575,5.883472,0.071343,19.491835,88.347390,91.915760,93.531966
CardioStation,0059,498513,5.726005,0.070152,19.202481,88.615141,92.137417,93.702471
CardioStation,0060,498509,5.619388,0.069742,19.019621,88.770514,92.302245,93.853872
CardioStation,0061,498495,5.617534,0.069696,19.044716,88.807711,92.320284,93.844472
CardioStation,0062,498465,5.614880,0.070040,19.001352,88.761698,92.287523,93.819827
CardioStation,0063,498413,5.776923,0.070276,19.291235,88.385134,91.993387,93.573402
CardioStation,0064,498402,6.030008,0.071398,19.632870,87.867023,91.542971,93.218526
CardioStation,0065,498477,6.328739,0.073661,20.025150,87.192990,91.018041,92.928460
CardioStation,0066,498561,6.793175,0.075936,20.678176,86.151745,90.300485,92.377061
CardioStation,0067,498630,7.407314,0.079940,21.588198,84.786114,89.343802,91.665363
CardioStation,0068,498695,7.937732,0.084524,22.452026,83.753396,88.614283,91.064679
CardioStation,0069,498764,8.236136,0.088611,22.925498,83.188843,88.226295,90.792238
CardioStation,0070,498738,8.576438,0.091877,23.328042,82.238370,87.752287,90.455309
CardioStation,0071,498749,8.880801,0.092946,23.804475,81.603372,87.350351,90.115870
CardioStation,0072,498803,9.027553,0.092740,24.045180,81.333713,87.141417,89.985626
CardioStation,0073,498866,8.999253,0.092073,24.069053,81.575814,87.262912,90.023774
CardioStation,0074,498842,8.759839,0.092190,23.729787,81.862794,87.595872,90.340829
CardioStation,0075,498834,8.533058,0.092616,23.332297,82.274063,87.834029,90.575422
CardioStation,0076,498800,8.340679,0.092998,23.115817,82.759824,88.132719,90.832999
CardioStation,0077,498804,8.208299,0.092399,22.976773,83.029607,88.297407,90.941532
CardioStation,0078,498776,8.129464,0.092202,22.896316,83.182030,88.426869,91.032848
CardioStation,0079,498813,8.036145,0.092253,22.757017,83.362102,88.541598,91.145179
CardioStation,0080,498837,8.014307,0.092275,22.756675,83.422641,88.602088,91.170262
cars,0001,498974,2.216140,0.058146,11.173260,95.311379,97.347156,98.081664
cars,0002,498963,2.223598,0.058035,11.220240,95.313280,97.345094,98.065388
cars,0003,498961,2.233003,0.057801,11.228746,95.265161,97.323639,98.051952
cars,0004,498934,2.255686,0.057420,11.282118,95.202371,97.266773,98.023787
cars,0005,498941,2.283920,0.057018,11.332134,95.124874,97.213899,97.985734
cars,0006,498959,2.312920,0.056628,11.448234,95.054503,97.173716,97.935702
cars,0007,498970,2.360397,0.056478,11.651602,94.934565,97.082189,97.873219
cars,0008,499040,2.333858,0.056443,11.581632,94.964332,97.067369,97.876323
cars,0009,499047,2.297995,0.056565,11.545957,95.069603,97.096466,97.907412
cars,0010,499037,2.278390,0.056898,11.488539,95.080926,97.158527,97.951855
cars,0011,499066,2.265940,0.057331,11.367533,94.985633,97.157290,97.998060
cars,0012,499073,2.257009,0.057892,11.278285,94.905956,97.206220,98.062608
cars,0013,499074,2.256192,0.058426,11.265563,94.905164,97.245899,98.105291
cars,0014,499060,2.282264,0.058823,11.337108,94.861540,97.295315,98.118463
cars,0015,499072,2.256161,0.059128,11.119215,94.856854,97.364308,98.152972
cars,0016,499074,2.307508,0.059757,11.223648,94.755688,97.341877,98.124527
cars,0017,499067,2.436817,0.060429,11.544664,94.525184,97.124835,97.987044
cars,0018,499049,2.502419,0.060760,11.635684,94.374500,96.943987,97.889786
cars,0019,498453,2.487480,0.060989,11.501053,94.405691,96.916861,97.779129
cars,0020,497630,2.457080,0.060938,11.319124,94.386793,96.959588,97.778068
cars,0021,496971,2.567395,0.060481,11.645325,94.264655,96.675862,97.613342
cars,0022,496799,2.610800,0.060218,11.841792,94.257839,96.660823,97.471211
cars,0023,498066,2.604337,0.060911,12.077162,94.388695,96.776331,97.507358
cars,0024,499078,2.403927,0.062146,11.631186,94.838883,97.002473,97.704968
cars,0025,497184,2.090469,0.061638,10.675541,95.466266,97.353294,97.995913
cars,0026,496828,1.872347,0.058353,9.910521,95.847456,97.697594,98.339667
cars,0027,496848,1.783787,0.056611,9.481335,95.932760,97.790471,98.401322
cars,0028,496927,1.735920,0.055850,9.240368,96.101037,97.792634,98.502999
cars,0029,497071,1.746651,0.055728,9.264007,96.059114,97.790054,98.546888
cars,0030,497227,1.789497,0.056437,9.392179,95.890006,97.757362,98.526025
cars,0031,497355,1.833663,0.057241,9.521436,95.729409,97.711293,98.485790
cars,0032,497472,1.909043,0.057917,9.608373,95.543267,97.517649,98.373577
cars,0033,497505,1.947747,0.057510,9.605876,95.481452,97.419724,98.217907
cars,0034,497465,1.982285,0.057778,9.623780,95.445509,97.329259,98.071221
cars,0035,497429,2.033267,0.058325,9.745726,95.282141,97.267148,98.008761
cars,0036,497442,2.057808,0.058937,9.853249,95.240048,97.307827,97.995344
cars,0037,497373,2.136390,0.059746,10.122202,95.166404,97.202904,97.867797
cars,0038,497289,2.201745,0.060812,10.334745,95.072282,97.127626,97.767495
cars,0039,497159,2.245061,0.061718,10.453183,94.994760,97.082221,97.728292
cars,0040,497027,2.287976,0.063228,10.513375,94.827846,97.029538,97.734328
cars,0041,496933,2.284084,0.064094,10.390080,94.767101,97.090352,97.782397
cars,0042,496784,2.340326,0.064753,10.506376,94.627444,97.004332,97.747109
cars,0043,496664,2.447244,0.065663,10.764045,94.315473,96.864278,97.656565
cars,0044,496590,2.633575,0.066925,11.284702,93.800520,96.527518,97.446988
cars,0045,496516,2.808495,0.068492,11.881121,93.476142,96.283503,97.308042
cars,0046,496431,2.955760,0.070396,12.358873,93.180120,96.101170,97.163956
cars,0047,496351,3.066835,0.072170,12.693243,93.026507,95.998799,96.988019
cars,0048,496254,3.131217,0.074131,12.894607,92.938697,95.947640,96.902796
cars,0049,496119,3.180691,0.075518,13.074176,92.882756,95.904612,96.879781
cars,0050,495983,3.212989,0.076551,13.161629,92.782414,95.910344,96.875296
cars,0051,495852,3.224819,0.077219,13.255115,92.727265,95.951211,96.856925
cars,0052,495677,3.228971,0.077857,13.505079,92.833438,96.012121,96.834027
cars,0053,495483,3.210813,0.078230,13.656198,93.018933,96.072115,96.875372
cars,0054,495311,3.208013,0.078085,13.827074,93.114629,96.043496,96.898918
cars,0055,495107,3.256306,0.078162,13.960514,93.009390,95.944513,96.803721
cars,0056,494912,3.299401,0.077565,13.935169,92.827008,95.870579,96.765890
cars,0057,486882,3.373495,0.078027,13.841959,92.480108,95.750716,96.692217
cars,0058,465178,3.651431,0.084538,13.942163,91.568604,95.241821,96.434913
cars,0059,493232,3.526262,0.084117,13.623548,91.931789,95.450214,96.618833
cars,0060,493958,3.435641,0.084646,13.236065,92.038594,95.673519,96.827868
cars,0061,492670,3.307032,0.081653,12.829964,92.274545,95.917145,96.983173
cars,0062,493921,3.248246,0.079128,12.550148,92.336831,95.819372,96.906793
cars,0063,494229,2.999608,0.075178,11.874930,92.858371,96.133574,97.138776
cars,0064,494443,2.756320,0.070915,11.355649,93.361217,96.501316,97.451476
cars,0065,494632,2.697584,0.068314,11.348864,93.518009,96.614857,97.520379
cars,0066,494812,2.498051,0.065528,10.815262,93.893640,96.888313,97.783401
cars,0067,494957,2.361417,0.063149,10.466789,94.225357,97.063785,98.019828
cars,0068,495119,2.243041,0.061209,10.199845,94.471026,97.267122,98.200433
cars,0069,495249,2.136952,0.059694,9.941175,94.716799,97.465921,98.302268
cars,0070,495416,2.075957,0.058738,9.784123,94.875822,97.540451,98.332109
cars,0071,495611,2.042991,0.058094,9.702967,94.965406,97.554735,98.288375
cars,0072,495832,2.010157,0.057627,9.631420,95.062239,97.562683,98.320802
cars,0073,496106,1.971672,0.056757,9.587070,95.197196,97.607971,98.351159
cars,0074,496427,1.917372,0.055728,9.363230,95.263352,97.657662,98.402182
cars,0075,496807,1.870959,0.054727,9.249854,95.404252,97.690653,98.454329
cars,0076,497277,1.842781,0.054011,9.177985,95.469125,97.686400,98.478916
cars,0077,497821,1.832636,0.053608,9.109734,95.506216,97.670448,98.540439
cars,0078,498477,1.848187,0.053544,9.187919,95.529984,97.657866,98.550384
cars,0079,499069,1.865191,0.053519,9.197551,95.494811,97.644614,98.497202
cars,0080,499112,1.890581,0.053498,9.274398,95.442306,97.639408,98.442233
cars,0081,499101,1.965015,0.053474,9.506164,95.304157,97.470452,98.346227
cars,0082,499104,2.076070,0.053418,9.815766,95.085593,97.267303,98.219810
cars,0083,499094,2.198035,0.053455,10.180107,94.839249,97.022805,98.036642
cars,0084,499098,2.316702,0.053354,10.496796,94.626105,96.841101,97.813656
cars,0085,499088,2.399901,0.053483,10.694286,94.374940,96.812987,97.690988
cars,0086,499078,2.458081,0.053832,10.824792,94.176061,96.765636,97.650868
cars,0087,499114,2.506740,0.054266,11.040107,94.069291,96.717984,97.623389
cars,0088,499092,2.551128,0.054678,11.190599,93.986079,96.653122,97.606453
cars,0089,499088,2.557252,0.055298,11.269113,93.977816,96.672130,97.656325
cars,0090,499040,2.495550,0.056156,11.142037,94.121714,96.802060,97.754288
cars,0091,499048,2.515231,0.057212,11.199445,93.999776,96.813934,97.723666
cars,0092,499037,2.494516,0.058226,11.199242,94.077193,96.861155,97.784934
cars,0093,499010,2.460496,0.059382,11.117822,94.152221,96.914691,97.841727
cars,0094,498991,2.429091,0.060628,11.026744,94.226549,96.961067,97.880924
cars,0095,498972,2.415079,0.061877,10.993458,94.299881,96.989811,97.938361
cars,0096,498954,2.413418,0.062951,11.071737,94.385254,97.024976,97.960133
cars,0097,498971,2.429029,0.064004,11.128219,94.357788,97.030288,97.968419
cars,0098,498903,2.451263,0.064685,11.290955,94.352610,97.067767,97.967340
cars,0099,498909,2.467489,0.065133,11.340926,94.320608,97.034329,97.922467
cars,0100,498933,2.470750,0.065334,11.367215,94.329900,97.025252,97.926575
clothingstore,0001,499093,1.918298,0.059394,10.808636,96.482419,97.896184,98.261847
clothingstore,0002,499111,1.932305,0.060058,10.632939,96.356522,97.839959,98.195191
clothingstore,0003,499118,1.857491,0.062072,10.093667,96.362984,97.992258,98.342476
clothingstore,0004,499116,2.121847,0.065505,10.835195,95.821613,97.660263,98.040536
clothingstore,0005,499116,2.598543,0.070835,12.199112,94.965699,97.079436,97.555077
clothingstore,0006,499003,3.223748,0.080062,13.844410,93.794827,96.258940,96.869558
clothingstore,0007,498895,3.131896,0.088432,13.274397,93.921968,96.202207,96.867878
clothingstore,0008,498889,3.702650,0.094025,14.396856,92.688554,95.168264,96.137818
clothingstore,0009,498858,3.207306,0.093018,12.856927,93.195258,95.919480,96.797485
clothingstore,0010,498812,4.123094,0.087632,14.208238,90.132154,94.179170,95.820068
clothingstore,0011,498787,5.713074,0.080728,16.570076,85.534707,91.000968,93.333026
clothingstore,0012,498727,8.195626,0.088869,19.947701,79.017579,86.171793,89.590497
clothingstore,0013,498626,10.573483,0.088903,22.587745,72.368067,81.098860,85.609856
clothingstore,0014,498578,11.468753,0.082605,23.938875,70.686633,79.325401,84.151928
clothingstore,0015,498695,10.898787,0.076302,23.940920,73.021787,80.757577,85.374227
clothingstore,0016,498703,10.358793,0.071199,23.892987,75.261629,82.155712,86.356208
clothingstore,0017,498635,9.715099,0.067355,23.552965,77.622710,83.734194,87.413439
clothingstore,0018,498719,9.091822,0.065793,23.401379,80.100417,85.453131,88.414317
clothingstore,0019,498761,8.471348,0.065194,23.238015,82.440889,87.222738,89.584992
clothingstore,0020,498751,8.139446,0.064549,23.435355,84.131561,88.418870,90.327839
clothingstore,0021,498734,8.127029,0.063157,23.729387,84.558502,88.775179,90.555687
clothingstore,0022,498707,8.159359,0.062316,23.810899,84.627647,89.030433,90.726820
clothingstore,0023,498753,7.962444,0.061168,23.525700,85.002396,89.434249,91.079352
clothingstore,0024,498749,7.456267,0.060468,22.543088,85.814508,89.963890,91.533617
clothingstore,0025,498674,7.629822,0.060813,22.906050,85.613246,89.679831,91.287494
clothingstore,0026,498674,7.753598,0.060885,23.331976,85.516389,89.553496,91.160357
clothingstore,0027,498739,7.982323,0.060878,23.656031,84.943427,89.136001,90.954587
clothingstore,0028,498792,7.938867,0.060994,23.586192,85.150925,89.189081,90.874954
clothingstore,0029,498697,7.876352,0.061149,23.633393,85.485976,89.358468,90.946607
clothingstore,0030,498734,7.866504,0.061884,23.639081,85.678939,89.494600,91.027482
clothingstore,0031,498774,7.799059,0.062639,23.585542,85.840681,89.597092,91.131855
clothingstore,0032,498753,7.837962,0.063553,23.427899,85.459937,89.554549,91.131081
clothingstore,0033,498707,7.656413,0.064373,22.875973,85.338285,89.759518,91.457710
clothingstore,0034,498821,8.014766,0.064218,23.535524,84.778508,89.196525,91.063327
clothingstore,0035,498976,7.940957,0.064836,23.502972,84.988056,89.313714,91.047265
clothingstore,0036,499033,7.815388,0.066176,23.482995,85.426214,89.546984,91.204590
clothingstore,0037,499047,7.556195,0.066268,23.123460,85.954429,89.925398,91.499799
clothingstore,0038,499088,7.648075,0.066815,23.487930,86.217060,89.957282,91.436580
clothingstore,0039,499104,7.452226,0.068494,23.027254,86.242947,90.209255,91.693515
clothingstore,0040,499089,6.650367,0.068544,21.401311,87.283030,91.022042,92.593706
clothingstore,0041,499130,6.580926,0.070325,21.348969,87.686374,91.216316,92.604732
clothingstore,0042,499153,6.019886,0.071586,20.698658,88.958095,92.349841,93.409636
clothingstore,0043,499132,4.734213,0.073621,17.243589,90.406946,93.942083,94.956645
clothingstore,0044,498929,4.611081,0.074806,17.084931,90.694067,94.142453,95.245416
clothingstore,0045,498935,4.975099,0.072937,17.725072,89.880044,93.703989,94.951847
clothingstore,0046,498765,5.040434,0.068487,17.792996,89.684120,93.750764,94.988822
clothingstore,0047,498666,5.194218,0.069725,18.027368,89.182138,93.249590,94.704271
clothingstore,0048,498605,6.217011,0.070459,20.197157,87.839272,91.864101,93.445714
clothingstore,0049,498455,7.842385,0.077213,23.077620,84.767331,89.771394,91.706172
clothingstore,0050,498455,7.482336,0.076097,22.671766,85.816974,90.447081,92.223972
clothingstore,0051,498384,7.107639,0.073729,22.043432,86.642228,90.997504,92.686563
clothingstore,0052,498348,7.077961,0.071777,21.900589,86.683201,90.971369,92.673393
clothingstore,0053,498394,7.230225,0.070634,22.156398,86.462116,90.650369,92.390960
clothingstore,0054,498378,7.306912,0.069480,22.294428,86.331058,90.496170,92.241030
clothingstore,0055,498377,7.415430,0.069505,22.656974,86.359322,90.344057,92.057619
clothingstore,0056,498395,7.503204,0.069389,22.922727,86.171410,90.138946,91.932704
clothingstore,0057,498489,7.647347,0.069961,23.301304,85.952950,90.014022,91.869831
clothingstore,0058,498610,7.801166,0.070265,23.595551,85.652113,89.841158,91.772528
clothingstore,0059,498621,7.789799,0.069859,23.700722,85.769552,89.924813,91.798380
clothingstore,0060,498600,7.976784,0.068114,23.974045,85.656639,89.687926,91.496590
clothingstore,0061,498671,7.904835,0.067158,23.864256,85.951058,89.889526,91.532694
clothingstore,0062,498635,7.607557,0.066424,23.347793,86.082004,90.379737,92.066943
clothingstore,0063,498659,7.224153,0.066722,22.367706,86.580409,90.833415,92.552626
clothingstore,0064,498735,6.804151,0.067283,21.142638,86.958806,91.171263,92.956580
clothingstore,0065,498699,6.916181,0.066861,21.368923,86.600134,90.815101,92.783824
clothingstore,0066,498744,7.080069,0.065884,22.363386,86.950219,90.959691,92.598808
clothingstore,0067,498770,6.947470,0.064213,22.093544,87.167231,91.092889,92.605409
clothingstore,0068,498850,6.842100,0.063077,21.732656,87.223213,91.088103,92.568307
clothingstore,0069,498957,6.983961,0.062569,21.664233,86.510060,90.722447,92.397541
clothingstore,0070,498992,6.893021,0.062643,21.625114,86.777944,91.017090,92.581845
clothingstore,0071,499026,7.269610,0.061174,22.332449,86.437781,90.499693,92.063740
clothingstore,0072,499039,7.057305,0.060670,21.622206,86.404469,90.410168,92.142097
clothingstore,0073,499037,6.446353,0.061468,20.037779,86.819414,91.043951,92.837204
clothingstore,0074,499025,5.499545,0.063796,18.460477,88.915385,92.381344,93.846000
clothingstore,0075,499029,4.870114,0.064515,17.731070,90.636616,93.656080,94.834970
clothingstore,0076,498758,4.440566,0.066765,16.297030,91.183299,94.120195,95.294111
clothingstore,0077,498685,4.466448,0.067632,16.080495,91.008151,94.049751,95.238277
clothingstore,0078,498666,4.352147,0.065367,15.569845,90.669707,94.076997,95.396117
clothingstore,0079,498615,4.269246,0.063579,15.333839,90.611594,94.172658,95.517183
clothingstore,0080,498555,4.284705,0.062790,15.442574,90.616080,94.146283,95.495181
Living Room Fullset 01,0001,480408,6.822613,0.071587,19.381955,84.512331,89.775982,92.063829
Living Room Fullset 01,0002,485576,6.893431,0.072530,19.614308,84.478846,89.767822,92.057474
Living Room Fullset 01,0003,484664,7.083560,0.075550,20.123425,84.326668,89.667275,91.998993
Living Room Fullset 01,0004,482002,7.438724,0.078550,20.973145,84.066249,89.416849,91.883436
Living Room Fullset 01,0005,479168,7.603433,0.086417,21.565516,84.053610,89.468829,91.876962
Living Room Fullset 01,0006,479718,7.064433,0.090329,20.487848,84.915930,90.379973,92.458903
Living Room Fullset 01,0007,481034,6.884472,0.091655,20.437300,85.722631,90.722693,92.710494
Living Room Fullset 01,0008,484647,6.986291,0.097472,19.850527,84.905509,90.104138,92.134894
Living Room Fullset 01,0009,487094,6.938495,0.094880,19.531137,84.496832,89.539596,92.172969
Living Room Fullset 01,0010,487008,6.343149,0.090014,18.459589,85.404757,90.485372,93.070545
Living Room Fullset 01,0011,485920,6.042683,0.082610,18.539695,86.593061,91.390764,93.603680
Living Room Fullset 01,0012,484465,5.548436,0.074744,17.604619,87.599517,92.443417,94.343245
Living Room Fullset 01,0013,486014,5.757462,0.069994,18.159579,87.379376,92.475525,94.146876
Living Room Fullset 01,0014,488949,5.200942,0.074017,17.118108,88.774494,93.085373,94.767552
Living Room Fullset 01,0015,448780,5.252634,0.078796,17.611924,89.417086,93.076786,94.688489
Living Room Fullset 01,0016,492901,5.090132,0.077566,17.164333,89.503572,93.295408,94.897961
Living Room Fullset 01,0017,498778,5.357344,0.074785,17.887049,89.039011,92.983853,94.540657
Living Room Fullset 01,0018,498836,5.182019,0.073840,17.367068,89.343191,93.082697,94.607045
Living Room Fullset 01,0019,498892,5.139129,0.072328,17.413032,89.517370,93.154029,94.617071
Living Room Fullset 01,0020,498948,5.062055,0.071509,17.425119,89.785509,93.275452,94.629300
Living Room Fullset 01,0021,498942,4.704144,0.068839,16.773642,90.419528,93.661187,95.010242
Living Room Fullset 01,0022,498847,4.601269,0.065722,16.928056,90.714989,93.867458,95.210756
Living Room Fullset 01,0023,498860,4.625418,0.063193,16.724532,90.539430,93.728902,95.046506
Living Room Fullset 01,0024,498843,4.751415,0.062179,16.624785,90.022312,93.383489,94.833445
Living Room Fullset 01,0025,498791,4.704060,0.064005,16.482051,90.107079,93.475825,94.985876
Living Room Fullset 01,0026,498760,4.410492,0.066410,15.848466,90.499639,93.958617,95.381747
Living Room Fullset 01,0027,498873,4.421919,0.069206,15.718835,90.358468,93.932724,95.327669
Living Room Fullset 01,0028,498882,4.654020,0.071215,16.148657,90.002445,93.668643,95.029085
Living Room Fullset 01,0029,498895,4.823290,0.072286,16.477739,89.669971,93.423666,94.874072
Living Room Fullset 01,0030,498882,4.833960,0.072683,16.511855,89.680927,93.442538,94.885965
Living Room Fullset 01,0031,498929,4.814937,0.072536,16.447638,89.669472,93.450170,94.910298
Living Room Fullset 01,0032,498918,4.785135,0.072136,16.427077,89.777478,93.519175,94.934839
Living Room Fullset 01,0033,498875,4.752934,0.071107,16.411702,89.922726,93.583162,94.957254
Living Room Fullset 01,0034,498936,4.703782,0.069401,16.393088,90.131600,93.628040,94.976109
Living Room Fullset 01,0035,498932,4.754922,0.067434,16.701703,90.219509,93.574876,94.931373
Living Room Fullset 01,0036,498927,4.868240,0.066429,16.946264,90.004149,93.451747,94.810664
Living Room Fullset 01,0037,498541,4.936666,0.066094,17.056097,89.778975,93.437049,94.830114
Living Room Fullset 01,0038,498851,5.067303,0.066046,17.389449,89.599700,93.329070,94.709442
Living Room Fullset 01,0039,498902,5.166543,0.066536,17.544406,89.459052,93.237149,94.682322
Living Room Fullset 01,0040,498802,5.154229,0.068118,17.470213,89.543747,93.289121,94.786909
Living Room Fullset 01,0041,498909,5.263306,0.069967,17.725575,89.401674,93.316016,94.675983
Living Room Fullset 01,0042,498917,5.257671,0.070816,17.885984,89.598871,93.505132,94.750029
Living Room Fullset 01,0043,498968,5.299401,0.071754,17.739193,89.264241,93.353081,94.722106
Living Room Fullset 01,0044,498978,5.231891,0.073280,17.513672,89.338809,93.477468,94.827427
Living Room Fullset 01,0045,499001,5.097341,0.074641,17.211987,89.461143,93.784782,95.088787
Living Room Fullset 01,0046,498840,4.971785,0.075260,16.951695,89.571205,93.958985,95.325555
Living Room Fullset 01,0047,498897,4.740246,0.074528,16.541697,90.056264,94.370181,95.680070
Living Room Fullset 01,0048,498795,4.712598,0.074331,16.574997,90.171714,94.378452,95.692619
Living Room Fullset 01,0049,498898,4.688743,0.074141,16.564195,90.235880,94.390036,95.714154
Living Room Fullset 01,0050,498957,4.726624,0.074578,16.651098,90.169093,94.348411,95.663755
Living Room Fullset 01,0051,499005,4.870101,0.075705,16.933434,89.944189,94.161982,95.499444
Living Room Fullset 01,0052,499007,5.078057,0.072876,17.480601,89.743230,93.962009,95.232532
Living Room Fullset 01,0053,499017,4.872424,0.070702,16.796853,89.847440,94.127455,95.399155
Living Room Fullset 01,0054,499071,3.912861,0.071797,14.053298,91.218083,95.342947,96.479659
Living Room Fullset 01,0055,499128,3.576746,0.073007,13.144953,91.828349,95.680667,96.747127
Living Room Fullset 01,0056,499137,3.492292,0.076643,13.016755,91.996185,95.834210,96.876809
Living Room Fullset 01,0057,499146,3.571443,0.083306,13.062037,91.610671,95.431196,96.725207
Living Room Fullset 01,0058,499093,3.656913,0.086293,13.092641,91.102660,95.313298,96.759722
Living Room Fullset 01,0059,499096,4.355602,0.088237,13.907486,88.975468,93.961082,95.791391
Living Room Fullset 01,0060,498073,6.920911,0.087622,19.682858,84.418750,90.375306,92.689425
Living Room Fullset 01,0061,487085,7.992805,0.084231,21.608438,81.933543,88.807703,91.574161
Living Room Fullset 01,0062,488799,8.697675,0.083786,22.610362,80.602456,87.566873,90.546216
Living Room Fullset 01,0063,489541,7.207703,0.080572,19.946596,83.399756,89.417842,92.308509
Living Room Fullset 01,0064,490464,5.477057,0.075595,17.223550,87.782997,92.369063,94.282353
Living Room Fullset 01,0065,490637,5.255397,0.072267,16.936789,88.522879,93.035788,94.729301
Living Room Fullset 01,0066,485927,4.983177,0.067488,16.728446,89.210108,93.406829,95.027854
Living Room Fullset 01,0067,476667,5.671414,0.066448,18.234542,88.045952,92.212383,94.006508
Living Room Fullset 01,0068,467142,6.197298,0.068755,19.328536,87.220160,91.459770,93.159254
Living Room Fullset 01,0069,462497,6.607080,0.074057,20.129003,86.506723,90.885995,92.674115
Living Room Fullset 01,0070,465618,6.975378,0.075575,20.534395,85.404989,90.180792,92.189305
Living Room Fullset 01,0071,476192,6.973156,0.074331,20.207796,85.056658,90.085092,92.119985
Living Room Fullset 01,0072,485193,7.014365,0.074455,20.090402,84.746895,89.905666,92.117570
Living Room Fullset 01,0073,484944,7.094991,0.075935,20.154130,84.469959,89.792223,92.045680
Living Room Fullset 01,0074,484677,7.191170,0.079528,20.436209,84.381351,89.752557,92.009937
Living Room Fullset 01,0075,484467,7.154126,0.084034,20.674170,84.747568,90.056082,92.191831
Living Room Fullset 01,0076,484131,6.647456,0.087279,20.157622,86.291727,91.005534,92.985989
Living Room Fullset 01,0077,483851,6.285057,0.087117,19.640416,87.129509,91.570959,93.439303
Living Room Fullset 01,0078,483338,6.137875,0.084610,19.528200,87.651705,91.843389,93.540752
Living Room Fullset 01,0079,482411,5.896625,0.083142,19.214057,88.242805,92.288111,93.875554
Living Room Fullset 01,0080,484713,5.722512,0.083511,18.715361,88.257587,92.470183,94.096919
Living Room Fullset 01,0081,488735,5.614659,0.086416,18.363345,88.304910,92.477928,94.165754
Living Room Fullset 01,0082,489587,5.846454,0.085817,18.780846,87.799717,92.142152,93.852982
Living Room Fullset 01,0083,489518,6.033754,0.082323,18.995287,87.302612,91.869553,93.667036
Living Room Fullset 01,0084,489487,6.015618,0.079901,18.554292,86.970236,91.592218,93.531391
Living Room Fullset 01,0085,489647,6.167204,0.080170,18.377408,86.081401,90.938370,93.199999
Living Room Fullset 01,0086,490277,6.568306,0.081630,18.765956,84.709868,89.974851,92.659252
Living Room Fullset 01,0087,490858,6.939902,0.082597,19.126473,83.518451,89.209710,92.145794
Living Room Fullset 01,0088,491243,7.267235,0.083631,19.501249,82.549573,88.668541,91.740747
Living Room Fullset 01,0089,491399,7.341456,0.083675,19.559380,82.293818,88.484918,91.642433
Living Room Fullset 01,0090,491232,7.324679,0.082792,19.556557,82.413401,88.689662,91.750334
Living Room Fullset 01,0091,491085,7.214056,0.081575,19.490775,82.941039,89.138133,91.891831
Living Room Fullset 01,0092,490980,7.174484,0.081374,19.565118,83.535989,89.536845,91.819626
Living Room Fullset 01,0093,490318,7.215236,0.081897,19.836425,84.115819,89.635094,91.663369
Living Room Fullset 01,0094,489216,7.153958,0.082863,19.910841,84.655858,89.775477,91.834895
Living Room Fullset 01,0095,488625,7.131127,0.084067,20.083137,84.927296,90.006242,91.966027
Living Room Fullset 01,0096,488433,7.062409,0.085302,19.959900,84.972965,90.127612,92.125430
Living Room Fullset 01,0097,488023,6.914034,0.086333,19.752825,85.275284,90.371970,92.421259
Living Room Fullset 01,0098,487956,6.894218,0.087368,19.709474,85.241292,90.426186,92.482724
Living Room Fullset 01,0099,488319,6.960311,0.088144,19.987352,85.166049,90.403814,92.518415
Living Room Fullset 01,0100,488411,6.951988,0.088130,19.952715,85.169253,90.369382,92.491570
Modern Conference Room 3D Render,0001,498530,3.294862,0.057596,14.864166,93.863759,95.720017,96.481857
Modern Conference Room 3D Render,0002,498481,3.343854,0.057652,14.946137,93.750013,95.630927,96.411498
Modern Conference Room 3D Render,0003,498513,3.421313,0.057942,15.099854,93.587128,95.493799,96.305011
Modern Conference Room 3D Render,0004,498548,3.577608,0.058216,15.443101,93.263638,95.237570,96.089043
Modern Conference Room 3D Render,0005,498570,3.856737,0.058781,16.150249,92.790180,94.805143,95.702509
Modern Conference Room 3D Render,0006,498674,4.206580,0.059304,16.920588,92.156599,94.207438,95.205284
Modern Conference Room 3D Render,0007,498709,4.671047,0.060018,17.922957,91.379742,93.435049,94.530277
Modern Conference Room 3D Render,0008,498683,5.304366,0.060904,19.442388,90.537476,92.576045,93.709631
Modern Conference Room 3D Render,0009,498289,5.879194,0.061811,20.782188,89.873347,91.931590,93.064667
Modern Conference Room 3D Render,0010,498147,6.189187,0.062883,21.324143,89.278065,91.534828,92.749329
Modern Conference Room 3D Render,0011,497683,6.444213,0.063801,21.456855,88.453092,91.037267,92.258124
Modern Conference Room 3D Render,0012,497988,6.740095,0.064797,21.870675,87.596287,90.557202,91.946191
Modern Conference Room 3D Render,0013,498409,7.378119,0.066141,23.110662,86.793577,89.742962,91.185552
Modern Conference Room 3D Render,0014,498608,8.293980,0.067168,25.219552,85.938052,88.913535,90.433968
Modern Conference Room 3D Render,0015,498559,9.171735,0.068591,27.208983,85.283788,88.373292,89.789774
Modern Conference Room 3D Render,0016,498501,9.978494,0.069762,28.827268,84.707353,87.746263,89.030313
Modern Conference Room 3D Render,0017,498391,10.693593,0.071115,29.875814,83.874107,86.984516,88.240157
Modern Conference Room 3D Render,0018,498316,11.311588,0.072719,30.709475,83.146437,86.177847,87.403977
Modern Conference Room 3D Render,0019,498328,11.840173,0.074111,31.280391,82.286566,85.332151,86.658787
Modern Conference Room 3D Render,0020,498405,12.493687,0.075583,32.068831,81.331849,84.355494,85.794685
Modern Conference Room 3D Render,0021,498434,13.179279,0.077394,32.861001,80.238908,83.314140,84.906327
Modern Conference Room 3D Render,0022,498408,13.912230,0.079475,33.772596,79.184323,82.405780,84.058843
Modern Conference Room 3D Render,0023,498416,14.582893,0.081549,34.687652,78.381312,81.602918,83.286853
Modern Conference Room 3D Render,0024,498367,15.309905,0.083385,35.767866,77.528608,80.886375,82.579103
Modern Conference Room 3D Render,0025,498405,15.904131,0.085518,36.667032,76.873426,80.315206,82.084048
Modern Conference Room 3D Render,0026,498384,16.548723,0.087821,37.714349,76.051197,79.775234,81.589497
Modern Conference Room 3D Render,0027,498501,17.234251,0.090834,38.725130,74.973571,79.119199,81.076668
Modern Conference Room 3D Render,0028,498619,17.975967,0.094455,39.846931,73.737262,78.498413,80.558703
Modern Conference Room 3D Render,0029,498515,18.609517,0.097560,40.741501,72.749667,77.787228,80.069607
Modern Conference Room 3D Render,0030,498374,18.887278,0.099852,40.994897,72.192370,77.216709,79.516187
Modern Conference Room 3D Render,0031,498296,18.673441,0.101101,40.501192,71.967866,76.932787,79.465619
Modern Conference Room 3D Render,0032,498349,18.201091,0.101079,39.633033,71.859881,76.871831,79.596427
Modern Conference Room 3D Render,0033,498371,17.418895,0.101306,38.208044,72.000377,77.168415,80.019102
Modern Conference Room 3D Render,0034,498354,16.797411,0.100745,37.210366,72.186036,77.545078,80.543349
Modern Conference Room 3D Render,0035,498419,15.966767,0.099944,35.739659,72.547194,78.242001,81.394369
Modern Conference Room 3D Render,0036,498477,15.344080,0.099256,34.701621,73.034664,78.888896,82.087438
Modern Conference Room 3D Render,0037,498433,14.949819,0.099011,34.022132,73.424914,79.295913,82.505974
Modern Conference Room 3D Render,0038,498371,14.740239,0.098853,33.634707,73.708141,79.580874,82.782305
Modern Conference Room 3D Render,0039,498304,14.705549,0.098791,33.467173,73.667480,79.595388,82.852636
Modern Conference Room 3D Render,0040,498221,14.874692,0.099923,33.538495,73.268891,79.311390,82.653682
Modern Conference Room 3D Render,0041,498125,15.176024,0.101542,33.728657,72.544843,78.745496,82.307854
Modern Conference Room 3D Render,0042,498146,15.548796,0.103308,33.981970,71.710302,78.109631,81.732263
Modern Conference Room 3D Render,0043,498243,16.017556,0.105055,34.374732,70.785540,77.340575,80.957284
Modern Conference Room 3D Render,0044,498392,16.360286,0.106158,34.662350,70.218021,76.731769,80.328135
Modern Conference Room 3D Render,0045,498387,16.612349,0.107320,34.778919,69.791949,76.364351,79.696300
Modern Conference Room 3D Render,0046,498412,16.553226,0.106826,34.539354,69.725849,76.380785,79.554866
Modern Conference Room 3D Render,0047,498432,15.855849,0.104403,33.490292,70.510922,77.146732,80.273939
Modern Conference Room 3D Render,0048,498513,14.858774,0.102189,32.067048,71.766233,78.478194,81.691751
Modern Conference Room 3D Render,0049,498605,13.691620,0.097307,30.524750,73.570863,80.261730,83.270525
Modern Conference Room 3D Render,0050,498608,12.493111,0.091473,29.000435,75.658233,82.038395,84.827560
Modern Conference Room 3D Render,0051,498684,11.144684,0.081803,27.159576,78.078703,83.957175,86.718844
Modern Conference Room 3D Render,0052,498709,9.738087,0.074628,25.106368,80.515491,86.084270,88.536602
Modern Conference Room 3D Render,0053,498750,8.232479,0.070725,22.764424,83.289424,88.270877,90.461554
Modern Conference Room 3D Render,0054,498819,6.869655,0.067013,20.535212,85.902502,90.354217,92.287583
Modern Conference Room 3D Render,0055,498844,5.757269,0.064149,18.763803,88.310775,92.158470,93.731307
Modern Conference Room 3D Render,0056,498870,4.770985,0.061677,17.200634,90.362419,93.666286,95.082687
Modern Conference Room 3D Render,0057,498797,4.316711,0.060480,16.769198,91.673166,94.466887,95.659757
Modern Conference Room 3D Render,0058,498927,4.226354,0.059318,17.192738,92.468237,94.738108,95.685341
Modern Conference Room 3D Render,0059,498934,4.199541,0.057711,17.721126,93.111313,94.829978,95.586390
Modern Conference Room 3D Render,0060,498948,4.008146,0.057285,17.413288,93.519766,95.091272,95.755269
Modern Conference Room 3D Render,0061,498952,3.682799,0.057726,16.605073,93.974571,95.505580,96.142314
Modern Conference Room 3D Render,0062,498932,3.527456,0.059028,15.978446,94.054300,95.633674,96.297291
Modern Conference Room 3D Render,0063,498969,3.600661,0.060146,16.290258,94.029088,95.509140,96.146454
Modern Conference Room 3D Render,0064,498968,3.877531,0.061193,16.807377,93.455893,95.079043,95.816365
Modern Conference Room 3D Render,0065,498915,4.614552,0.062788,18.347805,92.099055,94.198811,95.066895
Modern Conference Room 3D Render,0066,496654,5.414091,0.063814,19.669141,90.206260,93.091971,94.231397
Modern Conference Room 3D Render,0067,497805,6.171429,0.066075,20.722745,88.399875,91.923343,93.394602
Modern Conference Room 3D Render,0068,494842,6.877259,0.068212,21.928733,87.031618,90.970047,92.633002
Modern Conference Room 3D Render,0069,487264,7.538178,0.069147,23.018390,85.544592,90.170626,92.082116
Modern Conference Room 3D Render,0070,459758,8.216705,0.069410,23.568701,83.667277,89.045106,91.238652
Modern Conference Room 3D Render,0071,455350,8.586986,0.067594,23.603927,82.186450,88.154826,90.595366
Modern Conference Room 3D Render,0072,484591,8.825705,0.068622,24.074426,81.846960,87.871834,90.234239
Modern Conference Room 3D Render,0073,498769,9.431760,0.069521,25.310290,80.997015,87.102647,89.610822
Modern Conference Room 3D Render,0074,498696,10.174084,0.068313,26.587672,79.768236,86.140655,88.743844
Modern Conference Room 3D Render,0075,498679,10.772547,0.067898,27.592329,78.793172,85.396818,88.135855
Modern Conference Room 3D Render,0076,498712,11.200414,0.068358,28.186873,78.099183,84.771572,87.632541
Modern Conference Room 3D Render,0077,498728,11.563133,0.068810,28.697398,77.561316,84.130829,87.130259
Modern Conference Room 3D Render,0078,498711,11.897562,0.069424,29.084988,77.042014,83.496053,86.593839
Modern Conference Room 3D Render,0079,498737,12.298318,0.070093,29.704865,76.430664,82.910432,86.044348
Modern Conference Room 3D Render,0080,498730,12.621207,0.071111,30.155687,76.015078,82.376637,85.596816
Modern Conference Room 3D Render,0081,498760,12.936494,0.072353,30.568671,75.530716,81.789839,85.111276
Modern Conference Room 3D Render,0082,498812,13.137704,0.074322,30.832784,75.407568,81.302775,84.636897
Modern Conference Room 3D Render,0083,498702,13.401941,0.079002,31.268751,75.282834,80.855300,84.074257
Modern Conference Room 3D Render,0084,498778,13.876337,0.087830,32.095165,75.071876,80.344763,83.276728
Modern Conference Room 3D Render,0085,474240,14.788195,0.088287,33.579996,74.318067,79.260290,82.098937
Modern Conference Room 3D Render,0086,436951,15.754637,0.086443,35.234641,73.675309,78.456394,81.055084
Modern Conference Room 3D Render,0087,441488,16.162566,0.087652,36.249795,74.110961,78.781530,81.142409
Modern Conference Room 3D Render,0088,470986,15.815897,0.087802,35.968071,75.245124,79.604277,81.747440
Modern Conference Room 3D Render,0089,493829,15.362761,0.088015,35.612016,76.419570,80.620822,82.560360
Modern Conference Room 3D Render,0090,498642,15.269020,0.085453,35.667991,77.071125,80.958884,82.788253
Modern Conference Room 3D Render,0091,498597,15.162468,0.082343,35.635731,77.610776,81.189618,82.913255
Modern Conference Room 3D Render,0092,498579,14.989921,0.079464,35.382329,77.929275,81.364237,83.034183
Modern Conference Room 3D Render,0093,498551,14.701780,0.076612,34.977115,78.261803,81.655638,83.285361
Modern Conference Room 3D Render,0094,498540,14.460048,0.074449,34.666524,78.565010,81.959321,83.610342
Modern Conference Room 3D Render,0095,498523,14.141255,0.073043,34.287302,78.989936,82.411243,84.051087
Modern Conference Room 3D Render,0096,498507,13.799280,0.072271,33.853965,79.424361,82.838556,84.489486
Modern Conference Room 3D Render,0097,498463,13.417958,0.071633,33.343975,79.875939,83.248105,84.934489
Modern Conference Room 3D Render,0098,498491,13.070829,0.071269,32.921229,80.317197,83.718864,85.398332
Modern Conference Room 3D Render,0099,498472,12.834549,0.071014,32.647603,80.706840,84.016956,85.641520
Modern Conference Room 3D Render,0100,498435,12.766057,0.070930,32.561678,80.752957,84.099632,85.745584
Modern Living Room Loft,0001,486762,6.476232,0.069113,19.861376,86.656313,90.740444,92.296851
Modern Living Room Loft,0002,486704,6.517989,0.069155,19.955521,86.580550,90.668045,92.264908
Modern Living Room Loft,0003,486392,6.541007,0.069649,19.808933,86.368608,90.575708,92.181204
Modern Living Room Loft,0004,486016,6.635960,0.070263,20.010229,86.156423,90.396201,92.045941
Modern Living Room Loft,0005,485449,6.704896,0.071327,20.037300,85.858041,90.297642,92.030265
Modern Living Room Loft,0006,484646,6.927966,0.072624,20.449819,85.298548,90.021995,91.777504
Modern Living Room Loft,0007,484508,7.201779,0.074611,20.973188,84.843388,89.634846,91.539665
Modern Living Room Loft,0008,484458,7.593669,0.077181,21.612584,84.169732,89.157368,91.118735
Modern Living Room Loft,0009,484273,8.154988,0.079621,22.709066,83.608832,88.485833,90.517126
Modern Living Room Loft,0010,484407,9.171341,0.081728,24.258076,82.002324,86.949404,89.258413
Modern Living Room Loft,0011,477016,10.685505,0.085098,26.288632,79.002172,84.585842,87.311327
Modern Living Room Loft,0012,478139,11.301865,0.087420,27.046921,77.463666,83.648479,86.591138
Modern Living Room Loft,0013,477446,12.177205,0.085735,28.257336,75.850044,82.591120,85.562556
Modern Living Room Loft,0014,475802,11.827405,0.083703,27.670326,76.381142,83.361146,86.261932
Modern Living Room Loft,0015,474604,11.330572,0.080979,27.158267,77.582153,84.378345,87.172885
Modern Living Room Loft,0016,474107,10.692583,0.078500,26.317871,79.059158,85.589118,88.249910
Modern Living Room Loft,0017,474218,10.199958,0.077411,25.680493,80.353340,86.341514,88.886335
Modern Living Room Loft,0018,474955,9.811229,0.075494,25.249924,81.387500,87.040878,89.398785
Modern Living Room Loft,0019,476020,9.679905,0.074369,25.124843,81.669888,87.303475,89.601277
Modern Living Room Loft,0020,476849,9.619473,0.073494,25.047672,81.775573,87.350922,89.661507
Modern Living Room Loft,0021,476556,9.578529,0.073501,24.945355,81.774020,87.430019,89.720411
Modern Living Room Loft,0022,475005,9.422831,0.073794,24.505746,81.769876,87.552342,89.853580
Modern Living Room Loft,0023,471780,9.443979,0.074623,24.334971,81.166857,87.489084,89.955064
Modern Living Room Loft,0024,467881,9.520509,0.075279,24.399242,80.812429,87.575687,89.984847
Modern Living Room Loft,0025,464664,9.851920,0.076345,24.876405,80.421337,86.828547,89.402880
Modern Living Room Loft,0026,464074,10.278141,0.077330,25.424322,79.599159,86.121825,88.641036
Modern Living Room Loft,0027,467706,10.453035,0.078693,25.456406,79.017802,85.594583,88.110480
Modern Living Room Loft,0028,473735,10.552209,0.080415,25.555832,78.764288,85.399010,88.104742
Modern Living Room Loft,0029,478316,10.151110,0.082198,24.999268,79.423017,86.159150,88.769767
Modern Living Room Loft,0030,479782,9.883225,0.083975,24.584519,79.752679,86.700210,89.185088
Modern Living Room Loft,0031,479453,9.600886,0.086067,23.903791,79.976557,87.094668,89.559978
Modern Living Room Loft,0032,478297,9.366046,0.087741,23.473375,80.484302,87.475146,89.793998
Modern Living Room Loft,0033,477052,9.213461,0.089179,23.319833,80.793498,87.698616,89.992705
Modern Living Room Loft,0034,477052,9.110548,0.090968,23.151589,80.883216,87.886645,90.152227
Modern Living Room Loft,0035,476983,9.084868,0.092953,23.109372,81.001210,87.837931,90.035913
Modern Living Room Loft,0036,476430,8.952985,0.095338,22.811117,81.069202,87.964444,90.178410
Modern Living Room Loft,0037,475301,8.857386,0.095802,22.665061,81.117229,88.009072,90.305091
Modern Living Room Loft,0038,474097,8.834152,0.094262,22.555006,81.146263,87.999291,90.270346
Modern Living Room Loft,0039,472895,8.791510,0.093210,22.440095,81.343216,88.089322,90.284736
Modern Living Room Loft,0040,471594,8.493154,0.092827,21.963303,81.964783,88.571101,90.607811
Modern Living Room Loft,0041,472375,8.690445,0.095288,22.271891,81.793279,88.268007,90.339031
Modern Living Room Loft,0042,473624,8.759566,0.102391,22.348993,81.851004,88.142704,90.289766
Modern Living Room Loft,0043,475277,8.773329,0.105708,22.578436,82.238358,88.382985,90.488704
Modern Living Room Loft,0044,478607,8.456741,0.121592,22.294847,83.178683,89.133673,91.134898
Modern Living Room Loft,0045,481512,7.914275,0.107628,21.214624,83.914212,89.831406,91.929173
Modern Living Room Loft,0046,481707,7.455508,0.096375,20.651629,84.933995,90.120550,92.196086
Modern Living Room Loft,0047,484706,7.470030,0.083948,21.184543,85.317904,89.842709,91.711677
Modern Living Room Loft,0048,490273,7.041657,0.081117,20.723309,86.648051,90.568928,91.994052
Modern Living Room Loft,0049,489331,5.496900,0.078384,18.271932,89.725360,93.062569,94.150176
Modern Living Room Loft,0050,484165,4.674957,0.071033,16.995174,90.783720,94.122252,95.245423
Modern Living Room Loft,0051,487363,3.898867,0.065440,16.328607,93.377011,95.395014,96.060637
Modern Living Room Loft,0052,497697,4.062951,0.066365,17.057629,93.110065,95.166135,95.883238
Modern Living Room Loft,0053,497506,5.666514,0.062507,19.945428,89.882936,92.684309,93.812135
Modern Living Room Loft,0054,495745,7.068638,0.066250,22.024283,86.896893,90.396272,91.889379
Modern Living Room Loft,0055,495139,7.591881,0.070697,22.765107,85.864373,89.781859,91.443413
Modern Living Room Loft,0056,495510,7.297122,0.075506,22.201259,86.252952,90.215536,91.888357
Modern Living Room Loft,0057,493232,5.883992,0.080155,19.474572,88.681797,92.205696,93.691407
Modern Living Room Loft,0058,489556,5.744111,0.074549,19.015904,88.507954,92.363897,93.937772
Modern Living Room Loft,0059,490407,5.290571,0.075985,17.857383,89.263000,92.891211,94.376508
Modern Living Room Loft,0060,492370,5.045046,0.075490,17.327035,89.676463,93.207141,94.631476
Modern Living Room Loft,0061,494612,5.046517,0.074112,17.243312,89.435558,93.070932,94.564628
Modern Living Room Loft,0062,497048,5.255478,0.073297,17.606719,89.023998,92.715392,94.236170
Modern Living Room Loft,0063,498632,5.540078,0.072478,18.202647,88.560301,92.188227,93.781386
Modern Living Room Loft,0064,498718,5.758580,0.071327,18.855202,88.477857,91.938129,93.469055
Modern Living Room Loft,0065,498619,5.773421,0.070740,19.175127,88.698585,92.006321,93.383926
Modern Living Room Loft,0066,498657,5.401901,0.069743,18.496377,89.373257,92.489026,93.807768
Modern Living Room Loft,0067,498739,5.104643,0.068990,18.327611,90.291515,93.152130,94.322281
Modern Living Room Loft,0068,498699,4.881352,0.067678,18.071031,90.835554,93.557236,94.641056
Modern Living Room Loft,0069,498610,4.963049,0.066835,18.278964,90.748280,93.461824,94.590762
Modern Living Room Loft,0070,498626,4.959784,0.065109,18.300186,90.849254,93.538444,94.631848
Modern Living Room Loft,0071,498591,5.102768,0.063004,18.462378,90.551574,93.262614,94.372542
Modern Living Room Loft,0072,498523,5.358588,0.061978,18.834785,89.775798,92.763423,94.135276
Modern Living Room Loft,0073,497673,5.218276,0.061564,18.650531,90.064159,93.074368,94.336241
Modern Living Room Loft,0074,495514,5.000887,0.062257,18.306576,90.525999,93.467793,94.638093
Modern Living Room Loft,0075,491988,4.860812,0.064378,18.108164,90.836768,93.767531,94.814508
Modern Living Room Loft,0076,488382,4.729488,0.067231,17.890936,91.267491,94.010836,94.962140
Modern Living Room Loft,0077,485285,4.445658,0.066305,17.085500,91.746087,94.361046,95.270408
Modern Living Room Loft,0078,482852,4.369360,0.065024,16.804188,91.832694,94.423757,95.380986
Modern Living Room Loft,0079,481160,4.465845,0.063866,16.773090,91.521739,94.225206,95.211780
Modern Living Room Loft,0080,481874,4.550242,0.063668,16.859777,91.280708,94.224631,95.122584
Modern Living Room Loft,0081,483601,5.087361,0.065032,17.828168,90.299234,93.378632,94.343064
Modern Living Room Loft,0082,484841,5.691571,0.067513,18.848409,89.228427,92.431127,93.493537
Modern Living Room Loft,0083,485762,6.102094,0.070081,19.617881,88.555095,91.757486,92.971249
Modern Living Room Loft,0084,486590,6.359430,0.072195,20.004688,88.022360,91.333977,92.675764
Modern Living Room Loft,0085,487224,6.503604,0.074328,20.280137,87.574093,91.162381,92.586572
Modern Living Room Loft,0086,488248,5.844766,0.071260,18.674876,88.138610,91.889163,93.334740
Modern Living Room Loft,0087,489343,5.208295,0.067598,17.566631,89.470985,92.649532,93.976413
Modern Living Room Loft,0088,489481,4.971406,0.063394,17.467175,90.254371,93.261230,94.360762
Modern Living Room Loft,0089,487464,4.793877,0.060728,17.030958,90.547199,93.472954,94.638784
Modern Living Room Loft,0090,488100,4.590200,0.066480,16.396655,90.679369,93.665028,94.859660
Modern Living Room Loft,0091,487998,4.399852,0.069297,16.210991,91.190948,93.957147,95.093423
Modern Living Room Loft,0092,488306,4.462707,0.067813,15.902580,90.598723,93.784021,95.040610
Modern Living Room Loft,0093,489206,4.546489,0.066593,16.265447,90.462505,93.795661,95.058319
Modern Living Room Loft,0094,488580,4.562091,0.066877,16.642425,90.667240,93.823529,95.001433
Modern Living Room Loft,0095,488092,4.548457,0.066939,16.854025,90.945764,93.749744,94.889898
Modern Living Room Loft,0096,482181,4.505135,0.065763,17.056177,91.163899,93.994164,95.038585
Modern Living Room Loft,0097,472348,4.561654,0.063902,17.211783,91.068661,93.867869,94.860781
Modern Living Room Loft,0098,462530,4.607802,0.062947,17.353658,91.082957,93.735974,94.816769
Modern Living Room Loft,0099,447108,4.742379,0.062553,17.651636,90.872899,93.517003,94.657890
Modern Living Room Loft,0100,440199,4.783280,0.062401,17.734799,90.821878,93.450008,94.594945
Office Fullset 003,0001,447820,8.168082,0.064014,25.186120,86.026305,89.316243,90.955071
Office Fullset 003,0002,446135,8.421157,0.063774,25.452637,85.463145,88.959844,90.622121
Office Fullset 003,0003,441726,8.458949,0.063103,25.739017,85.525643,89.121763,90.718228
Office Fullset 003,0004,436733,8.332606,0.063926,25.659292,85.883824,89.347725,90.839254
Office Fullset 003,0005,434558,7.871694,0.068100,24.455616,86.085632,89.682620,91.206237
Office Fullset 003,0006,432523,7.270315,0.074244,23.186604,86.858502,90.355195,92.020309
Office Fullset 003,0007,430062,7.631746,0.074133,23.333415,85.489999,90.277681,92.038357
Office Fullset 003,0008,425682,9.925312,0.080971,26.445439,80.440329,87.015894,89.531857
Office Fullset 003,0009,418966,11.034660,0.092522,26.567282,76.379229,84.337393,87.721199
Office Fullset 003,0010,408900,12.678051,0.115191,28.331001,72.110540,81.429934,85.533627
Office Fullset 003,0011,401922,13.504742,0.131586,28.930934,69.417947,79.700788,84.554963
Office Fullset 003,0012,408213,13.499507,0.261545,28.214358,68.169069,79.927881,84.803032
Office Fullset 003,0013,416370,14.136962,1.389486,28.974937,67.023080,79.532387,84.415784
Office Fullset 003,0014,422060,15.090713,1.986130,30.809466,65.862674,78.964602,83.689760
Office Fullset 003,0015,422938,16.297338,1.800464,33.658673,65.541758,78.102701,82.692026
Office Fullset 003,0016,432123,14.611240,0.138159,31.631517,68.430053,80.066324,84.763135
Office Fullset 003,0017,425882,15.878075,0.447408,33.534782,66.803481,78.088297,83.654158
Office Fullset 003,0018,418838,15.869889,0.341276,33.552163,67.195670,78.128537,83.301420
Office Fullset 003,0019,414461,15.659355,0.265595,33.645828,68.434183,78.863633,83.357180
Office Fullset 003,0020,414209,15.466884,0.109553,33.822586,69.770092,79.540522,83.427931
Office Fullset 003,0021,420468,15.061614,0.105923,33.286660,70.742839,79.889789,83.731223
Office Fullset 003,0022,430691,15.697822,0.110947,34.024706,69.655507,78.442317,83.003592
Office Fullset 003,0023,438622,15.030707,0.100930,33.630627,71.737168,80.223746,83.682077
Office Fullset 003,0024,433799,12.658867,0.099307,29.983029,75.025530,82.461002,85.998124
Office Fullset 003,0025,428920,10.731187,0.092565,26.797492,78.551012,84.724191,87.609811
Office Fullset 003,0026,437285,9.213130,0.070447,25.110606,82.424963,86.766983,88.907692
Office Fullset 003,0027,434910,11.049766,0.063864,31.779253,83.644432,86.700697,88.272056
Office Fullset 003,0028,468476,8.267755,0.063124,27.202331,87.441192,90.074198,91.288988
Office Fullset 003,0029,492099,11.219946,0.063625,32.278360,83.795334,86.369613,87.897354
Office Fullset 003,0030,484302,5.290956,0.066619,18.020811,88.959781,92.709095,94.320279
Office Fullset 003,0031,454346,8.707691,0.072413,24.647784,83.514986,88.297245,90.253683
Office Fullset 003,0032,454188,15.715990,0.078274,38.417834,76.961302,81.207341,83.302289
Office Fullset 003,0033,457765,10.113797,0.079118,29.653959,83.515778,87.566546,89.539392
Office Fullset 003,0034,496420,15.533540,0.076226,38.503643,77.944080,82.002538,83.890859
Office Fullset 003,0035,497601,11.105986,0.069951,29.656766,80.475923,85.150150,87.513289
Office Fullset 003,0036,470762,7.688964,0.079551,22.329913,83.918838,89.120405,91.872114
Office Fullset 003,0037,466092,9.461383,0.078574,27.136473,82.790307,88.050428,90.350617
Office Fullset 003,0038,470757,13.451713,0.079754,35.417161,79.468176,84.010009,86.558670
Office Fullset 003,0039,473123,14.495704,0.074385,37.603498,79.168631,83.001038,85.367019
Office Fullset 003,0040,475413,12.408804,0.069543,34.277761,81.740928,85.232209,87.133082
Office Fullset 003,0041,477424,9.534736,0.064051,29.216685,85.199529,88.293844,89.821207
Office Fullset 003,0042,479393,7.636660,0.060227,25.540362,87.735741,90.572662,91.854282
Office Fullset 003,0043,481209,6.471207,0.057100,23.116633,89.320856,91.950899,93.185497
Office Fullset 003,0044,482797,5.823306,0.055438,21.489702,89.992067,92.711637,93.891221
Office Fullset 003,0045,484246,5.077745,0.063772,19.444491,90.792077,93.658802,94.826803
Office Fullset 003,0046,485462,4.629315,0.072495,18.238989,91.340414,94.228796,95.389546
Office Fullset 003,0047,486562,4.068696,0.071260,16.535444,92.051167,94.877528,95.947485
Office Fullset 003,0048,487193,3.872359,0.068929,15.743875,92.097793,95.191023,96.225315
Office Fullset 003,0049,487750,3.851339,0.066928,15.407819,91.922911,95.292670,96.288877
Office Fullset 003,0050,488123,3.941935,0.065417,15.719995,91.959199,95.219648,96.206899
Office Fullset 003,0051,488553,3.977683,0.064683,15.706507,91.945807,95.133179,96.122222
Office Fullset 003,0052,489133,4.094139,0.063966,15.862711,91.719226,94.911609,95.993932
Office Fullset 003,0053,489621,4.103423,0.063642,15.860598,91.701336,94.866642,95.952788
Office Fullset 003,0054,490027,4.101696,0.062618,15.882943,91.715763,94.786614,95.884104
Office Fullset 003,0055,490476,3.985169,0.061264,15.835246,92.071579,94.960406,96.019581
Office Fullset 003,0056,490816,3.861961,0.060149,15.663365,92.371887,95.133614,96.120135
Office Fullset 003,0057,491090,3.769108,0.059409,15.503378,92.606243,95.252601,96.210267
Office Fullset 003,0058,491291,3.712458,0.058933,15.455228,92.761724,95.316421,96.271049
Office Fullset 003,0059,491356,3.686516,0.058748,15.491492,92.859556,95.389697,96.303088
Office Fullset 003,0060,491351,3.665485,0.058694,15.422816,92.918911,95.397995,96.293281
Office Fullset 003,0061,491429,3.688438,0.059281,15.430650,92.820733,95.361487,96.278201
Office Fullset 003,0062,491586,3.835099,0.061354,15.812205,92.552270,95.217317,96.158556
Office Fullset 003,0063,491713,4.018591,0.063231,16.137158,92.091525,94.901904,95.996242
Office Fullset 003,0064,491837,4.356635,0.063329,17.030942,91.524224,94.537418,95.619484
Office Fullset 003,0065,491776,4.725898,0.064601,17.888125,90.825294,93.941754,95.201474
Office Fullset 003,0066,491684,5.084510,0.067113,19.041198,90.636872,93.564973,94.819233
Office Fullset 003,0067,491421,5.058842,0.056818,19.587587,91.274895,93.738973,94.761111
Office Fullset 003,0068,491239,3.157990,0.051279,15.310468,94.843650,96.174164,96.754126
Office Fullset 003,0069,497741,2.078224,0.055549,12.042648,96.492352,97.665854,98.075706
Office Fullset 003,0070,499167,1.536621,0.070885,8.640345,96.853358,98.228649,98.581637
Office Fullset 003,0071,499168,1.708878,0.088094,9.091203,96.520610,97.703579,98.139103
Office Fullset 003,0072,499163,1.735512,0.097933,9.509371,96.757973,97.409864,97.731603
Office Fullset 003,0073,499167,0.948473,0.087474,6.986539,98.224242,98.633724,98.824041
Office Fullset 003,0074,499168,1.077487,0.075123,7.359769,97.841809,98.528552,98.756331
Office Fullset 003,0075,497354,2.483753,0.063253,13.187350,95.347780,96.767896,97.369479
Office Fullset 003,0076,493827,4.030313,0.063067,17.452250,92.796870,94.764158,95.682699
Office Fullset 003,0077,494807,4.083834,0.069457,17.627001,92.721809,94.807672,95.635066
Office Fullset 003,0078,495167,3.537082,0.061562,15.711565,93.479170,95.261599,96.227333
Office Fullset 003,0079,495226,3.577558,0.057359,15.537018,93.365049,95.339502,96.211629
Office Fullset 003,0080,495476,3.896195,0.063273,16.508045,93.012780,94.825582,95.654078
Office Fullset 003,0081,495503,4.032987,0.060940,17.413224,93.187730,94.922331,95.697503
Office Fullset 003,0082,495174,4.520887,0.051277,18.827338,92.561403,94.337950,95.145545
Office Fullset 003,0083,495891,4.147258,0.051801,17.725620,92.778453,94.692382,95.573826
Office Fullset 003,0084,497029,3.109146,0.057810,14.937118,94.411392,96.003453,96.696370
Office Fullset 003,0085,499109,2.660738,0.064740,13.861559,95.425849,96.664656,97.116662
Office Fullset 003,0086,499124,2.368419,0.071025,12.510885,95.686843,96.956868,97.470168
Office Fullset 003,0087,499159,1.814003,0.072992,9.248843,96.046350,97.451113,98.069954
Office Fullset 003,0088,499162,2.087374,0.071884,10.192794,95.434548,97.253196,97.847793
Office Fullset 003,0089,499158,2.434085,0.071155,10.958445,94.650391,96.721279,97.340521
Office Fullset 003,0090,497948,3.216025,0.071285,13.656207,93.529445,95.668624,96.465896
Office Fullset 003,0091,499157,3.864937,0.074286,15.305889,92.415813,94.864542,95.795712
Office Fullset 003,0092,499133,4.571484,0.077077,17.275806,91.228991,94.078532,95.085879
Office Fullset 003,0093,499068,5.537985,0.080000,19.857672,90.011381,92.908381,94.034280
Office Fullset 003,0094,498995,6.570847,0.078091,22.447435,88.775439,91.730979,92.925180
Office Fullset 003,0095,496888,7.655798,0.076612,24.572302,87.163103,90.331222,91.649829
Office Fullset 003,0096,493910,8.426553,0.075501,25.994534,86.068717,89.395639,90.786581
Office Fullset 003,0097,491971,8.543510,0.074762,26.549832,86.431314,89.522553,90.770188
Office Fullset 003,0098,489944,8.954242,0.074464,26.943157,85.565085,88.819130,90.190920
Office Fullset 003,0099,490468,9.163301,0.074595,26.997999,85.016760,88.351738,89.768955
Office Fullset 003,0100,490836,9.230361,0.074749,26.981933,84.797570,88.220913,89.678834
Sao Pedro Restaurant,0001,498612,4.420509,0.063715,17.375192,91.740271,94.001749,94.978460
Sao Pedro Restaurant,0002,498579,4.410652,0.063854,17.358628,91.783047,94.007168,95.000792
Sao Pedro Restaurant,0003,498550,4.304512,0.064005,17.120072,92.036305,94.125765,95.101595
Sao Pedro Restaurant,0004,498539,4.286229,0.065082,17.021917,92.083067,94.161339,95.081829
Sao Pedro Restaurant,0005,498527,4.504994,0.069173,17.184012,91.348312,93.727922,94.877509
Sao Pedro Restaurant,0006,498604,4.874541,0.076287,17.839161,90.503085,93.226488,94.529326
Sao Pedro Restaurant,0007,498542,5.294255,0.080603,18.794663,90.001845,92.798400,94.095583
Sao Pedro Restaurant,0008,498560,5.760107,0.082484,19.493893,88.748997,92.182084,93.773668
Sao Pedro Restaurant,0009,498518,6.485802,0.081122,20.839217,87.356324,91.271729,92.962340
Sao Pedro Restaurant,0010,498411,6.704288,0.083172,21.443193,87.366049,91.035511,92.849275
Sao Pedro Restaurant,0011,498342,6.322956,0.082884,21.286396,88.629495,91.802417,93.101926
Sao Pedro Restaurant,0012,498284,5.710938,0.081453,19.975442,89.742797,92.387875,93.525379
Sao Pedro Restaurant,0013,498663,5.662548,0.087553,19.723906,89.809751,92.434570,93.607908
Sao Pedro Restaurant,0014,498759,4.633941,0.083586,17.668783,91.540002,93.712595,94.706862
Sao Pedro Restaurant,0015,498814,4.416352,0.085277,17.137160,91.785515,94.093390,95.002346
Sao Pedro Restaurant,0016,498901,4.040367,0.086266,16.566302,92.564657,94.658459,95.550219
Sao Pedro Restaurant,0017,498903,3.747483,0.083489,15.773928,93.067791,94.928874,95.824238
Sao Pedro Restaurant,0018,498749,3.694306,0.076733,15.358908,92.853720,94.956782,95.872874
Sao Pedro Restaurant,0019,498741,4.514338,0.078717,17.175189,91.352225,93.988864,95.079610
Sao Pedro Restaurant,0020,498608,5.062384,0.083227,18.145114,90.264496,93.126264,94.489860
Sao Pedro Restaurant,0021,498526,5.044031,0.072566,17.978101,89.972439,93.081805,94.496175
Sao Pedro Restaurant,0022,498463,5.200086,0.074563,18.133645,89.545062,92.717213,94.139384
Sao Pedro Restaurant,0023,498202,5.562367,0.075302,19.130893,89.196952,92.484374,93.811346
Sao Pedro Restaurant,0024,478742,6.650708,0.071780,20.641717,86.811477,91.032539,92.742855
Sao Pedro Restaurant,0025,497488,8.166837,0.075730,23.774225,84.404046,88.838726,90.945912
Sao Pedro Restaurant,0026,498308,7.691408,0.075087,22.665087,84.963316,89.343539,91.412139
Sao Pedro Restaurant,0027,498556,7.125823,0.063500,21.543554,85.768700,90.032012,92.121246
Sao Pedro Restaurant,0028,498600,7.474099,0.064557,22.005575,84.892499,89.530886,91.778580
Sao Pedro Restaurant,0029,489970,7.592082,0.065230,22.236939,84.744984,89.396085,91.544788
Sao Pedro Restaurant,0030,498168,7.542941,0.066012,22.114980,84.888632,89.478851,91.616884
Sao Pedro Restaurant,0031,498038,7.436228,0.065812,21.938173,85.186472,89.713235,91.733964
Sao Pedro Restaurant,0032,498211,7.997463,0.066119,23.078052,84.364857,89.067283,91.244473
Sao Pedro Restaurant,0033,498223,7.933155,0.065736,22.965919,84.598664,89.229120,91.322761
Sao Pedro Restaurant,0034,498148,7.849076,0.065029,22.868525,84.667408,89.439685,91.414198
Sao Pedro Restaurant,0035,498197,7.936182,0.062817,23.239740,84.596656,89.487291,91.369077
Sao Pedro Restaurant,0036,498230,7.768264,0.061172,22.964301,84.953335,89.732854,91.580796
Sao Pedro Restaurant,0037,498211,7.630080,0.060616,22.826602,85.208877,89.939604,91.785207
Sao Pedro Restaurant,0038,498213,7.559009,0.060600,22.899066,85.562801,90.041007,91.853685
Sao Pedro Restaurant,0039,498181,7.287221,0.060374,22.481243,86.138572,90.429583,92.103071
Sao Pedro Restaurant,0040,498188,7.122733,0.060011,22.052417,86.291320,90.479899,92.190498
Sao Pedro Restaurant,0041,498138,7.241979,0.059810,22.113318,85.887043,90.254909,92.088538
Sao Pedro Restaurant,0042,498085,7.483822,0.059940,22.381688,85.390445,89.954124,91.801199
Sao Pedro Restaurant,0043,498164,7.691111,0.060208,22.466399,84.716880,89.559864,91.390988
Sao Pedro Restaurant,0044,498281,7.755980,0.061400,22.558365,84.520782,89.311653,91.289654
Sao Pedro Restaurant,0045,498142,7.658542,0.062596,22.606159,84.861345,89.466457,91.397232
Sao Pedro Restaurant,0046,498215,7.666159,0.063522,22.792568,85.126702,89.646839,91.472958
Sao Pedro Restaurant,0047,498287,7.562522,0.064221,22.497435,85.266523,89.635692,91.480613
Sao Pedro Restaurant,0048,498299,7.754831,0.065232,22.629327,84.603019,89.324281,91.307428
Sao Pedro Restaurant,0049,497692,7.867357,0.065843,22.771068,84.355384,89.276701,91.174461
Sao Pedro Restaurant,0050,498272,7.949205,0.066223,23.046836,84.506053,88.946800,90.906975
Sao Pedro Restaurant,0051,498288,7.955967,0.066667,23.087806,84.475444,88.739645,90.850472
Sao Pedro Restaurant,0052,498304,7.528078,0.066810,22.467929,85.092032,89.310140,91.477692
Sao Pedro Restaurant,0053,498283,7.300044,0.066541,22.267584,85.735817,89.815828,91.701904
Sao Pedro Restaurant,0054,498205,7.225037,0.067305,22.175615,85.948756,89.897331,91.722684
Sao Pedro Restaurant,0055,498210,7.410324,0.067635,22.512056,85.680737,89.689890,91.484515
Sao Pedro Restaurant,0056,498233,7.704648,0.068488,22.838728,85.008821,89.297578,91.156748
Sao Pedro Restaurant,0057,496437,7.734208,0.069756,22.860351,85.034959,89.273765,91.043577
Sao Pedro Restaurant,0058,497843,7.844521,0.072374,23.312684,85.302796,89.219694,90.885480
Sao Pedro Restaurant,0059,460260,8.730206,0.071551,25.055735,83.801764,88.162343,90.074089
Sao Pedro Restaurant,0060,445131,8.632955,0.073555,24.495294,83.486884,88.040824,90.102240
Sao Pedro Restaurant,0061,433575,8.120621,0.080413,23.977070,84.538085,88.794326,90.898230
Sao Pedro Restaurant,0062,421964,6.788118,0.090830,22.267964,87.667905,91.203752,92.753410
Sao Pedro Restaurant,0063,460711,4.208083,0.093786,15.833011,91.417830,94.439681,95.655845
Sao Pedro Restaurant,0064,497082,3.787365,0.091603,14.570790,92.460198,94.843306,95.822420
Sao Pedro Restaurant,0065,498642,5.172564,0.077648,17.365651,88.943370,92.847775,94.265425
Sao Pedro Restaurant,0066,498790,7.009699,0.073321,21.300689,85.886445,90.292307,92.095070
Sao Pedro Restaurant,0067,498552,8.474081,0.081451,24.191294,83.528900,88.352268,90.586539
Sao Pedro Restaurant,0068,498584,8.643575,0.091383,23.365474,81.853208,87.685726,90.458178
Sao Pedro Restaurant,0069,498703,8.552855,0.111413,22.074394,80.936148,88.221246,90.859690
Sao Pedro Restaurant,0070,498625,5.613595,0.099048,16.819745,86.237353,92.435197,94.587115
Sao Pedro Restaurant,0071,498880,5.263008,0.099288,16.354746,87.140394,92.352269,94.286201
Sao Pedro Restaurant,0072,498922,4.449794,0.094277,15.758423,90.006253,93.661735,95.160967
Sao Pedro Restaurant,0073,498888,4.499819,0.090933,16.282755,90.110406,93.845913,95.293733
Sao Pedro Restaurant,0074,498784,5.821308,0.079699,18.816420,87.844438,92.291052,93.817965
Sao Pedro Restaurant,0075,498763,7.108575,0.077732,20.668022,85.105752,90.295591,92.171432
Sao Pedro Restaurant,0076,498612,9.577546,0.090757,24.191592,79.059469,86.096805,89.579072
Sao Pedro Restaurant,0077,498412,8.924660,0.080328,24.035467,81.494828,87.766547,90.265884
Sao Pedro Restaurant,0078,498261,7.373235,0.073934,21.567718,84.672491,89.643179,91.920299
Sao Pedro Restaurant,0079,498265,6.316979,0.062316,20.309211,87.360340,91.328911,92.945722
Sao Pedro Restaurant,0080,498483,5.609769,0.061283,19.242866,88.967527,92.392519,93.747229
Sao Pedro Restaurant,0081,498732,5.540356,0.063225,19.285538,89.421974,92.474716,93.771404
Sao Pedro Restaurant,0082,498786,4.807867,0.066647,17.768425,90.646490,93.503226,94.696523
Sao Pedro Restaurant,0083,498814,4.516787,0.071926,17.283030,91.084853,94.010393,95.127643
Sao Pedro Restaurant,0084,498865,4.164000,0.077074,16.639825,91.746264,94.560452,95.677789
Sao Pedro Restaurant,0085,498866,4.073804,0.082968,16.777956,92.232383,94.900234,95.850389
Sao Pedro Restaurant,0086,497043,3.915579,0.088272,16.539323,92.737047,95.121348,96.032738
Sao Pedro Restaurant,0087,498873,3.695260,0.092912,15.975743,93.171809,95.481014,96.293445
Sao Pedro Restaurant,0088,498851,3.841794,0.095175,15.885818,92.671760,95.122592,96.009430
Sao Pedro Restaurant,0089,498891,3.917769,0.096007,15.638483,92.262839,94.871224,95.874049
Sao Pedro Restaurant,0090,498877,3.989789,0.095896,15.746247,92.097250,94.793707,95.754064
Sao Pedro Restaurant,0091,498868,4.153174,0.095369,16.086440,91.774778,94.580530,95.610262
Sao Pedro Restaurant,0092,498859,4.322062,0.094586,16.514966,91.520650,94.372759,95.426363
Sao Pedro Restaurant,0093,498841,4.417698,0.093747,16.840283,91.364383,94.310612,95.340800
Sao Pedro Restaurant,0094,498825,4.464561,0.092826,17.018382,91.272490,94.260111,95.313988
Sao Pedro Restaurant,0095,498806,4.474779,0.091545,17.068040,91.242888,94.263702,95.349294
Sao Pedro Restaurant,0096,498798,4.525047,0.090577,17.198753,91.167166,94.156151,95.300502
Sao Pedro Restaurant,0097,498790,4.578201,0.089814,17.328943,91.034904,94.067042,95.259127
Sao Pedro Restaurant,0098,498785,4.631993,0.089182,17.509868,91.006746,93.990196,95.192718
Sao Pedro Restaurant,0099,498782,4.683902,0.088920,17.641779,90.923891,93.950864,95.115501
Sao Pedro Restaurant,0100,498784,4.702350,0.088769,17.671132,90.883028,93.915603,95.102690
